	name	latitude	longitude	scores	category	price
12154	皇宫爆烤鸭(这是一条测试商户数据，仅用于测试开发，开发完成后请申请正式数据...)	31.210755596049452	121.45347143055517	35.0	熟食	17.0
13099	山林熟食(这是一条测试商户数据，仅用于测试开发，开发完成后请申请正式数据...)	31.310136303299014	121.4053334114201	35.0	熟食	37.0
13699	田林第一鸭(这是一条测试商户数据，仅用于测试开发，开发完成后请申请正式数据...)	31.174584138577288	121.42233001553548	40.0	熟食	21.0
14549	金长河潮洲卤味(这是一条测试商户数据，仅用于测试开发，开发完成后请申请正式数据...)	31.19510679913603	121.43642185314478	30.0	熟食	32.0
17803	南风烤鸭店(这是一条测试商户数据，仅用于测试开发，开发完成后请申请正式数据...)	31.171696442748665	121.44836124433608	40.0	熟食	23.0
20381	长记卤味(这是一条测试商户数据，仅用于测试开发，开发完成后请申请正式数据...)	31.19510679913603	121.43642185314478	30.0	熟食	26.0
22047	黑鸭久久丫(这是一条测试商户数据，仅用于测试开发，开发完成后请申请正式数据...)	31.198971259576638	121.4574837764253	30.0	熟食	17.0
26915	留夫鸭(这是一条测试商户数据，仅用于测试开发，开发完成后请申请正式数据...)	31.173409226272696	121.41791480584827	40.0	熟食	21.0
28351	老木子鸡广式烧烤(这是一条测试商户数据，仅用于测试开发，开发完成后请申请正式数据...)	31.13869930805918	121.41455446637244	40.0	熟食	22.0
36517	芙蓉鹅(这是一条测试商户数据，仅用于测试开发，开发完成后请申请正式数据...)	31.190989889438736	121.45092625523417	30.0	熟食	0.0
61274	绝口老弄堂爆鱼(这是一条测试商户数据，仅用于测试开发，开发完成后请申请正式数据...)	31.206799663423524	121.4450900963121	45.0	熟食	50.0
91855	一品鹅卤菜(这是一条测试商户数据，仅用于测试开发，开发完成后请申请正式数据...)	31.202291346859553	121.45468552667366	30.0	熟食	0.0
101343	好再来(这是一条测试商户数据，仅用于测试开发，开发完成后请申请正式数据...)	31.194146979072283	121.45451575344474	35.0	熟食	28.0
103763	小得利港式烧腊(这是一条测试商户数据，仅用于测试开发，开发完成后请申请正式数据...)	31.138680112329283	121.43786970746925	35.0	熟食	26.0
141306	广式烧烤老本子鸡(这是一条测试商户数据，仅用于测试开发，开发完成后请申请正式数据...)	31.13988840326688	121.41404991154491	30.0	熟食	0.0
151325	哈哈镜(这是一条测试商户数据，仅用于测试开发，开发完成后请申请正式数据...)	31.170839392991645	121.4317099591678	35.0	熟食	41.0
188193	施记熟食店(这是一条测试商户数据，仅用于测试开发，开发完成后请申请正式数据...)	31.158998352295836	121.41745556362635	0.0	熟食	0.0
193227	纯天然绿色食品桂花糖藕(这是一条测试商户数据，仅用于测试开发，开发完成后请申请正式数据...)	31.13601029787803	121.42982467976786	0.0	熟食	0.0
255660	潮洲鹅熟食店(这是一条测试商户数据，仅用于测试开发，开发完成后请申请正式数据...)	31.12389064607219	121.44242096375554	30.0	熟食	0.0
284539	桦立熟食(这是一条测试商户数据，仅用于测试开发，开发完成后请申请正式数据...)	31.186681273425883	121.43164346781093	30.0	熟食	0.0
288476	隆华熟食(这是一条测试商户数据，仅用于测试开发，开发完成后请申请正式数据...)	31.122291812585647	121.434424206117	0.0	熟食	0.0
289113	美珍熟食店(这是一条测试商户数据，仅用于测试开发，开发完成后请申请正式数据...)	31.15089586040598	121.4258570410133	0.0	熟食	0.0
318787	绝味烤鸭饭(这是一条测试商户数据，仅用于测试开发，开发完成后请申请正式数据...)	31.02523926183565	121.42673924476203	0.0	熟食	0.0
331683	御制坛子鸡(这是一条测试商户数据，仅用于测试开发，开发完成后请申请正式数据...)	31.201558147906166	121.45210850858784	0.0	熟食	0.0
189	乔家栅(这是一条测试商户数据，仅用于测试开发，开发完成后请申请正式数据...)	31.21045199736642	121.45312550728944	20.0	小吃	13.0
486	台园圆圆香云吞(这是一条测试商户数据，仅用于测试开发，开发完成后请申请正式数据...)	31.214561605526992	121.45292961759718	30.0	小吃	19.0
635	姑苏邨(这是一条测试商户数据，仅用于测试开发，开发完成后请申请正式数据...)	31.180460882840702	121.44066211280514	30.0	小吃	18.0
748	关东煮(这是一条测试商户数据，仅用于测试开发，开发完成后请申请正式数据...)	31.21162357040298	121.4424474517464	30.0	小吃	9.0
976	乡党西安名特小吃(这是一条测试商户数据，仅用于测试开发，开发完成后请申请正式数据...)	31.171646148674103	121.41278007614014	30.0	小吃	17.0
1483	苏州羊肉馆(这是一条测试商户数据，仅用于测试开发，开发完成后请申请正式数据...)	31.19182474977817	121.45057525456347	35.0	小吃	25.0
1875	云南特色米线(这是一条测试商户数据，仅用于测试开发，开发完成后请申请正式数据...)	31.1444074740868	121.43266898952099	30.0	小吃	17.0
2192	阿婆葱油饼(这是一条测试商户数据，仅用于测试开发，开发完成后请申请正式数据...)	31.20487142179323	121.45392318385926	30.0	小吃	2.0
2541	小亭小吃(这是一条测试商户数据，仅用于测试开发，开发完成后请申请正式数据...)	31.18496491312505	121.43147331243487	20.0	小吃	18.0
2570	南华亭宾馆外卖部(这是一条测试商户数据，仅用于测试开发，开发完成后请申请正式数据...)	31.183033910747827	121.42991075437153	30.0	小吃	2.0
6683	京乾老鸭粉丝汤(这是一条测试商户数据，仅用于测试开发，开发完成后请申请正式数据...)	31.161110350954864	121.39504490199529	30.0	小吃	15.0
6740	葱油饼(这是一条测试商户数据，仅用于测试开发，开发完成后请申请正式数据...)	31.19567127530647	121.45221931494599	30.0	小吃	0.0
6837	和乐点心店(这是一条测试商户数据，仅用于测试开发，开发完成后请申请正式数据...)	31.221248801388864	121.45024184000233	35.0	小吃	12.0
7392	福建沙县(这是一条测试商户数据，仅用于测试开发，开发完成后请申请正式数据...)	31.17009245361654	121.41382108789605	30.0	小吃	11.0
8685	兰州拉面小吃(这是一条测试商户数据，仅用于测试开发，开发完成后请申请正式数据...)	31.14237023712488	121.42152176140124	30.0	小吃	10.0
9001	游记老鸭粉丝馆(这是一条测试商户数据，仅用于测试开发，开发完成后请申请正式数据...)	31.195260482664054	121.434902822808	30.0	小吃	11.0
9237	游子李老鸭粉丝(这是一条测试商户数据，仅用于测试开发，开发完成后请申请正式数据...)	31.162992215606174	121.40170507681997	30.0	小吃	11.0
9735	沪上亭(这是一条测试商户数据，仅用于测试开发，开发完成后请申请正式数据...)	31.195260482664054	121.434902822808	30.0	小吃	14.0
9767	好悠香风味小吃(这是一条测试商户数据，仅用于测试开发，开发完成后请申请正式数据...)	31.1599214070333	121.4151031303718	35.0	小吃	32.0
9794	煎饼果子摊(这是一条测试商户数据，仅用于测试开发，开发完成后请申请正式数据...)	31.191288248782477	121.44666528983984	30.0	小吃	0.0
10342	五芳斋(这是一条测试商户数据，仅用于测试开发，开发完成后请申请正式数据...)	31.15389497722765	121.40917903203591	30.0	小吃	13.0
10798	豫申园城隍庙小吃世界(这是一条测试商户数据，仅用于测试开发，开发完成后请申请正式数据...)	31.186621227610487	121.43080699190106	35.0	小吃	17.0
10872	真有味(这是一条测试商户数据，仅用于测试开发，开发完成后请申请正式数据...)	31.164814527534432	121.41449214218073	30.0	小吃	0.0
11736	宜家小吃吧(这是一条测试商户数据，仅用于测试开发，开发完成后请申请正式数据...)	31.179894141438584	121.42962053366344	35.0	小吃	19.0
12492	华东理工肉夹馍(这是一条测试商户数据，仅用于测试开发，开发完成后请申请正式数据...)	31.142508112184718	121.4214616728778	30.0	小吃	5.0
13156	咸阳肉夹馍(这是一条测试商户数据，仅用于测试开发，开发完成后请申请正式数据...)	31.164505665725482	121.41445213282657	35.0	小吃	5.0
13399	特色葱油饼(这是一条测试商户数据，仅用于测试开发，开发完成后请申请正式数据...)	31.173447099460468	121.42275067343564	35.0	小吃	2.0
13531	便当饭团(这是一条测试商户数据，仅用于测试开发，开发完成后请申请正式数据...)	31.163336027919556	121.41187007932082	35.0	小吃	5.0
13772	绍兴梅菜饼(这是一条测试商户数据，仅用于测试开发，开发完成后请申请正式数据...)	31.17353125423818	121.41293003502436	35.0	小吃	3.0
13943	乔家栅食府(这是一条测试商户数据，仅用于测试开发，开发完成后请申请正式数据...)	31.21074708151721	121.45323077029782	30.0	小吃	25.0
14013	香港QQ蛋仔(这是一条测试商户数据，仅用于测试开发，开发完成后请申请正式数据...)	31.24996547455205	121.45066046500474	30.0	小吃	0.0
15342	上师大西部一条街(这是一条测试商户数据，仅用于测试开发，开发完成后请申请正式数据...)	31.163336027919556	121.41187007932082	35.0	小吃	8.0
15582	枫林路山东煎饼摊(这是一条测试商户数据，仅用于测试开发，开发完成后请申请正式数据...)	31.20039735281466	121.45049430229533	35.0	小吃	3.0
15585	上海阿姨盒饭摊(这是一条测试商户数据，仅用于测试开发，开发完成后请申请正式数据...)	31.200834133291817	121.44263481579704	30.0	小吃	9.0
15604	上海阿叔面摊(这是一条测试商户数据，仅用于测试开发，开发完成后请申请正式数据...)	31.200834133291817	121.44263481579704	30.0	小吃	0.0
17117	台湾粢饭大王(这是一条测试商户数据，仅用于测试开发，开发完成后请申请正式数据...)	31.1450258820577	121.42039012073819	30.0	小吃	5.0
20863	家得利早餐摊(这是一条测试商户数据，仅用于测试开发，开发完成后请申请正式数据...)	31.15524312866655	121.45090928773625	35.0	小吃	4.0
21319	高安路山东煎饼摊(这是一条测试商户数据，仅用于测试开发，开发完成后请申请正式数据...)	31.204911314311463	121.44099574198626	30.0	小吃	5.0
21646	上师大紫薇休闲吧(这是一条测试商户数据，仅用于测试开发，开发完成后请申请正式数据...)	31.16335102862658	121.41189009335606	30.0	小吃	10.0
21652	宜山路早点摊(这是一条测试商户数据，仅用于测试开发，开发完成后请申请正式数据...)	31.17688178513332	121.41529183486242	30.0	小吃	0.0
21687	梅陇路鸡蛋灌饼摊(这是一条测试商户数据，仅用于测试开发，开发完成后请申请正式数据...)	31.14117117434497	121.41656618693196	35.0	小吃	4.0
22334	袁记肉夹馍(这是一条测试商户数据，仅用于测试开发，开发完成后请申请正式数据...)	31.164343814690653	121.41457225578772	40.0	小吃	5.0
23236	随缘堂(这是一条测试商户数据，仅用于测试开发，开发完成后请申请正式数据...)	31.17528863446583	121.44360929044737	30.0	小吃	0.0
23644	南京游子老鸭粉丝汤(这是一条测试商户数据，仅用于测试开发，开发完成后请申请正式数据...)	31.1614615658314	121.41503293089141	30.0	小吃	10.0
26227	天天小笼(这是一条测试商户数据，仅用于测试开发，开发完成后请申请正式数据...)	31.18372694449824	121.44393332552458	30.0	小吃	0.0
26556	妯娌老鸭粉丝汤(这是一条测试商户数据，仅用于测试开发，开发完成后请申请正式数据...)	31.193922370940914	121.44310650592224	30.0	小吃	14.0
27999	悦勤点心店(这是一条测试商户数据，仅用于测试开发，开发完成后请申请正式数据...)	31.158746729257864	121.44660795357882	30.0	小吃	0.0
36407	老樊记陕西凉皮(这是一条测试商户数据，仅用于测试开发，开发完成后请申请正式数据...)	31.179080989392205	121.43231534072368	30.0	小吃	10.0
36691	漾绮香山东大饼店(这是一条测试商户数据，仅用于测试开发，开发完成后请申请正式数据...)	31.200046653480765	121.45744958499348	35.0	小吃	0.0
38541	宜山路地铁站寿司摊(这是一条测试商户数据，仅用于测试开发，开发完成后请申请正式数据...)	31.19052274824395	121.4319436749598	30.0	小吃	0.0
39929	新一代游子老鸭粉丝馆(这是一条测试商户数据，仅用于测试开发，开发完成后请申请正式数据...)	31.193812285164494	121.44358764029637	30.0	小吃	12.0
40674	双峰路韭菜蛋饼摊(这是一条测试商户数据，仅用于测试开发，开发完成后请申请正式数据...)	31.183852001351532	121.4439994711427	30.0	小吃	0.0
43230	香酥鸡柳排条(这是一条测试商户数据，仅用于测试开发，开发完成后请申请正式数据...)	31.213157704784564	121.44179783510981	35.0	小吃	12.0
51287	台湾风味粢饭团(这是一条测试商户数据，仅用于测试开发，开发完成后请申请正式数据...)	31.216689844386334	121.44559045522328	30.0	小吃	4.0
52472	艾叶青团摊(这是一条测试商户数据，仅用于测试开发，开发完成后请申请正式数据...)	31.144439236812072	121.43535811173959	30.0	小吃	0.0
54532	荣兴小吃(这是一条测试商户数据，仅用于测试开发，开发完成后请申请正式数据...)	31.137148569466696	121.43497398841751	30.0	小吃	0.0
55470	台湾好口味(这是一条测试商户数据，仅用于测试开发，开发完成后请申请正式数据...)	31.189081384280165	121.42866814956527	35.0	小吃	14.0
55715	甲天下米粉(这是一条测试商户数据，仅用于测试开发，开发完成后请申请正式数据...)	31.1952337946095	121.43510922861277	30.0	小吃	18.0
56313	乐汇小吃世界(这是一条测试商户数据，仅用于测试开发，开发完成后请申请正式数据...)	31.195941897718537	121.42590320401919	30.0	小吃	0.0
56578	豫园城隍庙传统小吃连锁(这是一条测试商户数据，仅用于测试开发，开发完成后请申请正式数据...)	31.17461219606269	121.42241011888272	30.0	小吃	21.0
59663	甜宝屋(这是一条测试商户数据，仅用于测试开发，开发完成后请申请正式数据...)	31.208723424837583	121.45340141305412	0.0	小吃	0.0
60613	香港仔(这是一条测试商户数据，仅用于测试开发，开发完成后请申请正式数据...)	31.195430508647195	121.43497895667832	30.0	小吃	25.0
61141	佳杰小吃(这是一条测试商户数据，仅用于测试开发，开发完成后请申请正式数据...)	31.1478181265881	121.40899944919578	30.0	小吃	0.0
61174	广西柳州螺蛳粉(这是一条测试商户数据，仅用于测试开发，开发完成后请申请正式数据...)	31.15885078331191	121.43870973667762	40.0	小吃	19.0
62234	南丹路油墩子(这是一条测试商户数据，仅用于测试开发，开发完成后请申请正式数据...)	31.19208614100163	121.42526258622136	30.0	小吃	0.0
63202	浦北路菜场门口葱油饼(这是一条测试商户数据，仅用于测试开发，开发完成后请申请正式数据...)	31.153649820725512	121.40815844607728	35.0	小吃	2.0
65832	QQ番台湾疯(这是一条测试商户数据，仅用于测试开发，开发完成后请申请正式数据...)	31.164814527534432	121.41449214218073	30.0	小吃	0.0
75092	大一梦薄皮鲷鱼烧(这是一条测试商户数据，仅用于测试开发，开发完成后请申请正式数据...)	31.195260482664054	121.434902822808	40.0	小吃	10.0
76315	和静庄(这是一条测试商户数据，仅用于测试开发，开发完成后请申请正式数据...)	31.153844917659775	121.40888885807627	0.0	小吃	0.0
77128	哈尔滨鸡蛋千层饼(这是一条测试商户数据，仅用于测试开发，开发完成后请申请正式数据...)	31.15950434977444	121.4238734202436	30.0	小吃	0.0
78552	妙馋记(这是一条测试商户数据，仅用于测试开发，开发完成后请申请正式数据...)	31.21008879329648	121.45200750114847	0.0	小吃	0.0
79743	飘香饼(这是一条测试商户数据，仅用于测试开发，开发完成后请申请正式数据...)	31.198843501435377	121.46013157312612	30.0	小吃	0.0
80255	众意小吃(这是一条测试商户数据，仅用于测试开发，开发完成后请申请正式数据...)	31.161931960144898	121.42033859145384	30.0	小吃	0.0
81509	阿芳小吃(这是一条测试商户数据，仅用于测试开发，开发完成后请申请正式数据...)	31.187001269128192	121.43019489710532	0.0	小吃	0.0
83586	立鲜关东煮(这是一条测试商户数据，仅用于测试开发，开发完成后请申请正式数据...)	31.196453040897385	121.43286484575047	30.0	小吃	0.0
96332	老上海小吃苑(这是一条测试商户数据，仅用于测试开发，开发完成后请申请正式数据...)	31.15438887315668	121.43009354811139	30.0	小吃	0.0
97323	德丰老婆饼工坊(这是一条测试商户数据，仅用于测试开发，开发完成后请申请正式数据...)	31.185316879515113	121.43158347865297	30.0	小吃	0.0
99998	The Sailors Fish&Chips(这是一条测试商户数据，仅用于测试开发，开发完成后请申请正式数据...)	31.21298368559982	121.45446398767886	40.0	小吃	79.0
101075	老上海葱油饼(这是一条测试商户数据，仅用于测试开发，开发完成后请申请正式数据...)	31.21837730476307	121.44781583349861	40.0	小吃	3.0
108500	The Ama's Healthy Breakfast(这是一条测试商户数据，仅用于测试开发，开发完成后请申请正式数据...)	31.217245821727385	121.44241288618855	30.0	小吃	0.0
108641	东安葱油饼(这是一条测试商户数据，仅用于测试开发，开发完成后请申请正式数据...)	31.19212035915111	121.4499676328191	30.0	小吃	0.0
108886	舒心小吃(这是一条测试商户数据，仅用于测试开发，开发完成后请申请正式数据...)	31.159086023886715	121.45037755288563	30.0	小吃	0.0
113475	江泽(这是一条测试商户数据，仅用于测试开发，开发完成后请申请正式数据...)	31.188137472931796	121.43972940016062	30.0	小吃	12.0
113941	十二泷町鲷鱼烧(这是一条测试商户数据，仅用于测试开发，开发完成后请申请正式数据...)	31.155415611376004	121.42597682941042	35.0	小吃	8.0
114012	红豆酥绿豆酥(这是一条测试商户数据，仅用于测试开发，开发完成后请申请正式数据...)	31.18235370736724	121.42775725706309	30.0	小吃	0.0
114026	老山东牛杂(这是一条测试商户数据，仅用于测试开发，开发完成后请申请正式数据...)	31.182341804479083	121.42783738623861	30.0	小吃	0.0
115836	永康路烧饼店(这是一条测试商户数据，仅用于测试开发，开发完成后请申请正式数据...)	31.212510159838146	121.45272924794881	30.0	小吃	0.0
115929	博士地瓜坊(这是一条测试商户数据，仅用于测试开发，开发完成后请申请正式数据...)	31.19631279846499	121.44822878490285	40.0	小吃	5.0
117491	龙漕路老鸭粉丝馆(这是一条测试商户数据，仅用于测试开发，开发完成后请申请正式数据...)	31.171286123310086	121.43980101245876	0.0	小吃	0.0
119075	西安名吃肉夹馍(这是一条测试商户数据，仅用于测试开发，开发完成后请申请正式数据...)	31.14723828103669	121.40845917639402	30.0	小吃	0.0
126185	天下皮仓(这是一条测试商户数据，仅用于测试开发，开发完成后请申请正式数据...)	31.200046653480765	121.45744958499348	35.0	小吃	9.0
126263	白玉兰茶餐厅(这是一条测试商户数据，仅用于测试开发，开发完成后请申请正式数据...)	31.1758489114549	121.44165473503917	30.0	小吃	20.0
127392	桂林路公婆饼(这是一条测试商户数据，仅用于测试开发，开发完成后请申请正式数据...)	31.17353125423818	121.41293003502436	0.0	小吃	0.0
129119	台湾香酥卤肉饼(这是一条测试商户数据，仅用于测试开发，开发完成后请申请正式数据...)	31.159275883329084	121.43891012736792	30.0	小吃	0.0
129207	游记老鸭汤(这是一条测试商户数据，仅用于测试开发，开发完成后请申请正式数据...)	31.18354852812018	121.43896314312772	0.0	小吃	0.0
129608	华轻食品(这是一条测试商户数据，仅用于测试开发，开发完成后请申请正式数据...)	31.141270712002466	121.41746711443137	30.0	小吃	0.0
130472	光华苑(这是一条测试商户数据，仅用于测试开发，开发完成后请申请正式数据...)	31.14167202040949	121.4270356431574	0.0	小吃	0.0
130646	西安肉夹馍(这是一条测试商户数据，仅用于测试开发，开发完成后请申请正式数据...)	31.163652227744233	121.414672407247	30.0	小吃	0.0
132039	金家梅干菜烧饼(这是一条测试商户数据，仅用于测试开发，开发完成后请申请正式数据...)	31.17100775004392	121.44069299797317	30.0	小吃	2.0
133067	小吃世界(这是一条测试商户数据，仅用于测试开发，开发完成后请申请正式数据...)	31.156318217447993	121.4526478631399	0.0	小吃	0.0
133404	麦香酥韩国大饼(这是一条测试商户数据，仅用于测试开发，开发完成后请申请正式数据...)	31.185034207227606	121.44388910821473	30.0	小吃	6.0
135092	LUCKING'PIE馍王(这是一条测试商户数据，仅用于测试开发，开发完成后请申请正式数据...)	31.19368285149983	121.42668459018105	35.0	小吃	20.0
135523	朝阳小吃(这是一条测试商户数据，仅用于测试开发，开发完成后请申请正式数据...)	31.13232121824248	121.41847899316437	0.0	小吃	0.0
135769	薯格薯条专门店(这是一条测试商户数据，仅用于测试开发，开发完成后请申请正式数据...)	31.16341935946372	121.41469244582348	45.0	小吃	10.0
137874	川渝小吃(这是一条测试商户数据，仅用于测试开发，开发完成后请申请正式数据...)	31.186232619845374	121.43096229795539	30.0	小吃	15.0
138306	龙腾牛肉丸(这是一条测试商户数据，仅用于测试开发，开发完成后请申请正式数据...)	31.16716661828457	121.44122050659999	0.0	小吃	0.0
139033	吴记烧饼无钒油条(这是一条测试商户数据，仅用于测试开发，开发完成后请申请正式数据...)	31.140712595913623	121.41520489378999	30.0	小吃	0.0
139062	小木船烤冷面(这是一条测试商户数据，仅用于测试开发，开发完成后请申请正式数据...)	31.142078435648997	121.4215718506713	40.0	小吃	11.0
139269	云南鲜花饼专卖(这是一条测试商户数据，仅用于测试开发，开发完成后请申请正式数据...)	31.178745125632172	121.4330316890575	0.0	小吃	0.0
141069	阿佟栗(这是一条测试商户数据，仅用于测试开发，开发完成后请申请正式数据...)	31.164821513084586	121.41447212345726	0.0	小吃	0.0
141463	云南竹筒粽子(这是一条测试商户数据，仅用于测试开发，开发完成后请申请正式数据...)	31.167354271150188	121.42487817047342	0.0	小吃	0.0
150198	乐山菜场饼摊(这是一条测试商户数据，仅用于测试开发，开发完成后请申请正式数据...)	31.19697896889143	121.42644994350002	30.0	小吃	0.0
151556	缘香阁台湾饭团(这是一条测试商户数据，仅用于测试开发，开发完成后请申请正式数据...)	31.175080327427185	121.44337876811282	30.0	小吃	8.0
154519	柳州路葱油饼摊(这是一条测试商户数据，仅用于测试开发，开发完成后请申请正式数据...)	31.160018506338133	121.42326753799628	40.0	小吃	2.0
154679	千诺小吃(这是一条测试商户数据，仅用于测试开发，开发完成后请申请正式数据...)	31.134504871444218	121.44930687485949	0.0	小吃	0.0
155054	福建沙县美食园(这是一条测试商户数据，仅用于测试开发，开发完成后请申请正式数据...)	31.21903985115454	121.4387646484861	30.0	小吃	0.0
155615	将记麻辣烫(这是一条测试商户数据，仅用于测试开发，开发完成后请申请正式数据...)	31.166178063329102	121.4071668200291	30.0	小吃	0.0
155650	阿弟小厨(这是一条测试商户数据，仅用于测试开发，开发完成后请申请正式数据...)	31.195714945598084	121.43252428202743	30.0	小吃	21.0
155712	一品麻辣串串香(这是一条测试商户数据，仅用于测试开发，开发完成后请申请正式数据...)	31.19458524620829	121.43379675397851	40.0	小吃	37.0
156864	米上香尝(这是一条测试商户数据，仅用于测试开发，开发完成后请申请正式数据...)	31.192483009260318	121.43359655734683	40.0	小吃	14.0
160546	经典烩面羊肉汤(这是一条测试商户数据，仅用于测试开发，开发完成后请申请正式数据...)	31.20099207252436	121.4524143847226	35.0	小吃	14.0
161083	石锅居(这是一条测试商户数据，仅用于测试开发，开发完成后请申请正式数据...)	31.193788901746487	121.4491613936421	30.0	小吃	35.0
161305	蛋饼中的战斗机(这是一条测试商户数据，仅用于测试开发，开发完成后请申请正式数据...)	31.18943026999123	121.44177383164137	30.0	小吃	0.0
163923	中华美味烧烤(这是一条测试商户数据，仅用于测试开发，开发完成后请申请正式数据...)	31.14045182351463	121.4082096219744	30.0	小吃	0.0
165542	田和小吃(这是一条测试商户数据，仅用于测试开发，开发完成后请申请正式数据...)	31.182317866733953	121.41666271218308	30.0	小吃	0.0
166594	新龙华早餐店(这是一条测试商户数据，仅用于测试开发，开发完成后请申请正式数据...)	31.16334755396686	121.44404133961228	0.0	小吃	0.0
167669	龙腾猪排(这是一条测试商户数据，仅用于测试开发，开发完成后请申请正式数据...)	31.191007621029662	121.45031463852341	40.0	小吃	10.0
167961	淮南牛肉粉丝汤(这是一条测试商户数据，仅用于测试开发，开发完成后请申请正式数据...)	31.19865737546106	121.4237298224501	30.0	小吃	0.0
167990	亿丸粉(这是一条测试商户数据，仅用于测试开发，开发完成后请申请正式数据...)	31.138572824669904	121.42717012172979	30.0	小吃	14.0
168831	西安特色名小吃(这是一条测试商户数据，仅用于测试开发，开发完成后请申请正式数据...)	31.17958510653524	121.4103435595553	30.0	小吃	0.0
169008	酷乐活(这是一条测试商户数据，仅用于测试开发，开发完成后请申请正式数据...)	31.183434333370872	121.42701599332304	30.0	小吃	10.0
169772	小牛早餐店(这是一条测试商户数据，仅用于测试开发，开发完成后请申请正式数据...)	31.141345029247777	121.44666960540653	30.0	小吃	0.0
170689	鸟藏川川香(这是一条测试商户数据，仅用于测试开发，开发完成后请申请正式数据...)	31.199306152854568	121.4238299056355	30.0	小吃	47.0
172807	钟民小吃店(这是一条测试商户数据，仅用于测试开发，开发完成后请申请正式数据...)	31.173994258584248	121.40806662533188	30.0	小吃	0.0
173266	南昌路葱油饼(这是一条测试商户数据，仅用于测试开发，开发完成后请申请正式数据...)	31.216612884161716	121.45304976924253	30.0	小吃	0.0
175779	土豆龙卷风(这是一条测试商户数据，仅用于测试开发，开发完成后请申请正式数据...)	31.19209166461379	121.4332058577524	0.0	小吃	0.0
176672	粽子(这是一条测试商户数据，仅用于测试开发，开发完成后请申请正式数据...)	31.173447099460468	121.42275067343564	30.0	小吃	0.0
178572	扬州早点(这是一条测试商户数据，仅用于测试开发，开发完成后请申请正式数据...)	31.192810714992486	121.42965947990346	0.0	小吃	0.0
178969	梅干菜饼(这是一条测试商户数据，仅用于测试开发，开发完成后请申请正式数据...)	31.141261555839506	121.41382859852254	0.0	小吃	0.0
179951	凉拌面皮摊(这是一条测试商户数据，仅用于测试开发，开发完成后请申请正式数据...)	31.137033141876262	121.43246926058188	0.0	小吃	0.0
179977	宜山路葱油饼(这是一条测试商户数据，仅用于测试开发，开发完成后请申请正式数据...)	31.180279943430794	121.41956607601657	30.0	小吃	0.0
180719	潮申牛肉(这是一条测试商户数据，仅用于测试开发，开发完成后请申请正式数据...)	31.173174125445637	121.43916948251625	30.0	小吃	0.0
180836	文定小吃(这是一条测试商户数据，仅用于测试开发，开发完成后请申请正式数据...)	31.191328063278025	121.42933906856508	30.0	小吃	0.0
181468	坚记米粉(这是一条测试商户数据，仅用于测试开发，开发完成后请申请正式数据...)	31.210242888048604	121.46619526489033	30.0	小吃	0.0
182118	风情凉皮(这是一条测试商户数据，仅用于测试开发，开发完成后请申请正式数据...)	31.211729792554912	121.46525617429711	30.0	小吃	0.0
182817	保定路沙县小吃(这是一条测试商户数据，仅用于测试开发，开发完成后请申请正式数据...)	31.26047688018304	121.50520099657118	30.0	小吃	0.0
182910	家乐小吃(这是一条测试商户数据，仅用于测试开发，开发完成后请申请正式数据...)	31.041671480762997	121.46369585314947	0.0	小吃	0.0
183792	回味河粉(这是一条测试商户数据，仅用于测试开发，开发完成后请申请正式数据...)	31.151928249555514	121.42672827775553	0.0	小吃	0.0
186460	西龙传香饭团(这是一条测试商户数据，仅用于测试开发，开发完成后请申请正式数据...)	31.19193531687704	121.4395687227679	30.0	小吃	0.0
190042	popo台湾手抓饼(这是一条测试商户数据，仅用于测试开发，开发完成后请申请正式数据...)	31.175463289367276	121.39761350965713	0.0	小吃	0.0
191317	鑫鹏米粉(这是一条测试商户数据，仅用于测试开发，开发完成后请申请正式数据...)	31.195681697933964	121.46955631221039	0.0	小吃	0.0
191461	五谷杂粮(这是一条测试商户数据，仅用于测试开发，开发完成后请申请正式数据...)	31.195253509250666	121.43491885467877	30.0	小吃	0.0
192684	5号小吃店(这是一条测试商户数据，仅用于测试开发，开发完成后请申请正式数据...)	31.218834358579567	121.44640226106296	30.0	小吃	0.0
193759	展开鲜臭豆腐(这是一条测试商户数据，仅用于测试开发，开发完成后请申请正式数据...)	31.175524830808673	121.4120291423648	30.0	小吃	0.0
194161	李记淮南牛肉汤(这是一条测试商户数据，仅用于测试开发，开发完成后请申请正式数据...)	31.189345718877483	121.45467661569305	30.0	小吃	0.0
206675	特色红烧牛肉面(这是一条测试商户数据，仅用于测试开发，开发完成后请申请正式数据...)	31.17100874335516	121.42968140658326	30.0	小吃	13.0
206738	正宗彭浦第一炸凯旋店(这是一条测试商户数据，仅用于测试开发，开发完成后请申请正式数据...)	31.197296425428384	121.4167014497762	30.0	小吃	0.0
208437	梅朵手工(这是一条测试商户数据，仅用于测试开发，开发完成后请申请正式数据...)	31.212324859195256	121.44107026744622	0.0	小吃	0.0
208617	山东煎饼摊(这是一条测试商户数据，仅用于测试开发，开发完成后请申请正式数据...)	31.17991751372437	121.4371546618232	30.0	小吃	0.0
214176	加州牛肉面大王(这是一条测试商户数据，仅用于测试开发，开发完成后请申请正式数据...)	31.159671128215514	121.42373321024766	30.0	小吃	0.0
214225	阿啦馄饨(这是一条测试商户数据，仅用于测试开发，开发完成后请申请正式数据...)	31.213799101390922	121.43601942448863	30.0	小吃	14.0
214416	福记瘦肉丸(这是一条测试商户数据，仅用于测试开发，开发完成后请申请正式数据...)	31.164421768875627	121.41456223990618	30.0	小吃	13.0
214744	第一家盐酥鸡(这是一条测试商户数据，仅用于测试开发，开发完成后请申请正式数据...)	31.192251097022858	121.43700328403665	0.0	小吃	0.0
215319	一口松酥饼(这是一条测试商户数据，仅用于测试开发，开发完成后请申请正式数据...)	31.17515505823904	121.412119244512	0.0	小吃	0.0
215455	旺角鱼蛋王(这是一条测试商户数据，仅用于测试开发，开发完成后请申请正式数据...)	31.22107410155637	121.45034813450957	30.0	小吃	12.0
221404	成都名小吃刘记(这是一条测试商户数据，仅用于测试开发，开发完成后请申请正式数据...)	31.19628687561296	121.42604338529875	30.0	小吃	0.0
221810	开心点心店(这是一条测试商户数据，仅用于测试开发，开发完成后请申请正式数据...)	31.173595387762937	121.4400714037199	0.0	小吃	0.0
243095	大众切面店(这是一条测试商户数据，仅用于测试开发，开发完成后请申请正式数据...)	31.207974792416394	121.43386572487168	30.0	小吃	0.0
243354	海阳小吃店(这是一条测试商户数据，仅用于测试开发，开发完成后请申请正式数据...)	31.19521072075932	121.43770848498826	0.0	小吃	0.0
243448	河南滋补烩面馆(这是一条测试商户数据，仅用于测试开发，开发完成后请申请正式数据...)	31.192315924428815	121.4251624192604	30.0	小吃	0.0
244003	彭彭小吃店(这是一条测试商户数据，仅用于测试开发，开发完成后请申请正式数据...)	31.155239468313983	121.45058843946283	0.0	小吃	0.0
244821	遇贵小吃(这是一条测试商户数据，仅用于测试开发，开发完成后请申请正式数据...)	31.201666431762458	121.4606829813816	0.0	小吃	0.0
255533	咖喱饭炸猪排(这是一条测试商户数据，仅用于测试开发，开发完成后请申请正式数据...)	31.171403128484116	121.40991798455485	40.0	小吃	20.0
255617	桂林西街菜场内的汤团店(这是一条测试商户数据，仅用于测试开发，开发完成后请申请正式数据...)	31.15654450227354	121.41172055554078	30.0	小吃	0.0
256783	小白龙老鸭粉丝汤(这是一条测试商户数据，仅用于测试开发，开发完成后请申请正式数据...)	31.18818924921239	121.42115732385848	30.0	小吃	0.0
257391	土家族酱香饼(这是一条测试商户数据，仅用于测试开发，开发完成后请申请正式数据...)	31.209910507786702	121.46479488398849	30.0	小吃	0.0
257421	镇江李记锅盖面(这是一条测试商户数据，仅用于测试开发，开发完成后请申请正式数据...)	31.165240076901537	121.39267497563846	0.0	小吃	0.0
265236	百合小吃(这是一条测试商户数据，仅用于测试开发，开发完成后请申请正式数据...)	31.147808187401605	121.40918556499624	0.0	小吃	0.0
265354	杜鹃小吃(这是一条测试商户数据，仅用于测试开发，开发完成后请申请正式数据...)	31.147788190124004	121.40915955055722	0.0	小吃	0.0
265466	桂花小吃(这是一条测试商户数据，仅用于测试开发，开发完成后请申请正式数据...)	31.147758193965288	121.40911952834703	0.0	小吃	0.0
266495	紫微小吃(这是一条测试商户数据，仅用于测试开发，开发完成后请申请正式数据...)	31.147742194649812	121.40909351365217	0.0	小吃	0.0
270610	老豆花(这是一条测试商户数据，仅用于测试开发，开发完成后请申请正式数据...)	31.209811580675446	121.46480492388534	35.0	小吃	0.0
270873	正宗豪大鸡排(这是一条测试商户数据，仅用于测试开发，开发完成后请申请正式数据...)	31.205910618967746	121.46914911276224	0.0	小吃	0.0
270972	杨氏厦门特色小吃(这是一条测试商户数据，仅用于测试开发，开发完成后请申请正式数据...)	31.147761034334096	121.42112078655703	0.0	小吃	0.0
271248	京味轩(这是一条测试商户数据，仅用于测试开发，开发完成后请申请正式数据...)	31.18581674279754	121.4237209248684	30.0	小吃	0.0
271509	饼先生酥饼(这是一条测试商户数据，仅用于测试开发，开发完成后请申请正式数据...)	31.175197647549158	121.43826738701904	0.0	小吃	0.0
271515	李氏烧饼(这是一条测试商户数据，仅用于测试开发，开发完成后请申请正式数据...)	31.144863969532942	121.42848668346733	30.0	小吃	0.0
272236	楚汉巷中华小吃(这是一条测试商户数据，仅用于测试开发，开发完成后请申请正式数据...)	31.184000144656498	121.42207886867673	40.0	小吃	20.0
272533	丸来丸去(这是一条测试商户数据，仅用于测试开发，开发完成后请申请正式数据...)	31.173006295152682	121.41243568056957	30.0	小吃	0.0
272579	钦州南路山东煎饼摊(这是一条测试商户数据，仅用于测试开发，开发完成后请申请正式数据...)	31.16245884284957	121.42284174902652	30.0	小吃	0.0
272615	友臣金丝肉松饼(这是一条测试商户数据，仅用于测试开发，开发完成后请申请正式数据...)	31.17454659183293	121.44661661311571	30.0	小吃	0.0
272676	锦江乐园臭豆腐(这是一条测试商户数据，仅用于测试开发，开发完成后请申请正式数据...)	31.143530366444335	121.40887974876544	30.0	小吃	0.0
272961	薯虫薯条(这是一条测试商户数据，仅用于测试开发，开发完成后请申请正式数据...)	31.193259796679413	121.44144275217886	0.0	小吃	0.0
274087	肥猫串串香(这是一条测试商户数据，仅用于测试开发，开发完成后请申请正式数据...)	31.18341030704779	121.4375151039893	0.0	小吃	0.0
274288	古早味饭团(这是一条测试商户数据，仅用于测试开发，开发完成后请申请正式数据...)	31.197443558711033	121.43212340064976	30.0	小吃	0.0
285680	姐妹小吃店(这是一条测试商户数据，仅用于测试开发，开发完成后请申请正式数据...)	31.152355824699786	121.43520312260617	0.0	小吃	0.0
290928	青海化隆牛肉面(这是一条测试商户数据，仅用于测试开发，开发完成后请申请正式数据...)	31.113811618118223	121.44804542396268	0.0	小吃	0.0
294622	味美小吃菜饭骨头汤(这是一条测试商户数据，仅用于测试开发，开发完成后请申请正式数据...)	31.194715113101058	121.45286114008762	0.0	小吃	0.0
296315	鑫珏小吃店(这是一条测试商户数据，仅用于测试开发，开发完成后请申请正式数据...)	31.182119594753434	121.40520452489332	0.0	小吃	0.0
297863	易餐餐米面馆(这是一条测试商户数据，仅用于测试开发，开发完成后请申请正式数据...)	31.17527486335804	121.39062470679686	0.0	小吃	0.0
300667	淳味王游子老鸭粉丝馆(这是一条测试商户数据，仅用于测试开发，开发完成后请申请正式数据...)	31.205922613142278	121.46914911173226	30.0	小吃	15.0
301246	豆腐干摊头(这是一条测试商户数据，仅用于测试开发，开发完成后请申请正式数据...)	31.19821729827606	121.45777468501421	30.0	小吃	0.0
302350	超级鸡车百脑汇店(这是一条测试商户数据，仅用于测试开发，开发完成后请申请正式数据...)	31.195732950153165	121.4325342988479	35.0	小吃	14.0
302828	老北京卤肉(这是一条测试商户数据，仅用于测试开发，开发完成后请申请正式数据...)	31.18868679758477	121.44069146708145	30.0	小吃	0.0
303209	生记三鲜粉煲仔饭(这是一条测试商户数据，仅用于测试开发，开发完成后请申请正式数据...)	31.184595939625073	121.44361850866437	30.0	小吃	17.0
304503	小扬生煎(这是一条测试商户数据，仅用于测试开发，开发完成后请申请正式数据...)	31.153571841286045	121.40807840757932	30.0	小吃	0.0
305013	胖子锅贴生煎(这是一条测试商户数据，仅用于测试开发，开发完成后请申请正式数据...)	31.198327746434053	121.42945866250672	30.0	小吃	0.0
305148	董太锅贴(这是一条测试商户数据，仅用于测试开发，开发完成后请申请正式数据...)	31.207620622781516	121.46319009746988	20.0	小吃	7.0
305164	浙江小吃(这是一条测试商户数据，仅用于测试开发，开发完成后请申请正式数据...)	31.192909582919	121.45075563778707	30.0	小吃	0.0
306746	曾记臻品烤鸭脖(这是一条测试商户数据，仅用于测试开发，开发完成后请申请正式数据...)	31.139231408185182	121.41109159330463	30.0	小吃	14.0
317504	游子老鸦粉丝汤殷记小吃店(这是一条测试商户数据，仅用于测试开发，开发完成后请申请正式数据...)	31.201254945177098	121.46081340860015	0.0	小吃	14.0
317579	豪大大鸡排龙华路店(这是一条测试商户数据，仅用于测试开发，开发完成后请申请正式数据...)	31.174936996898122	121.44744865532905	30.0	小吃	0.0
317622	好又香—豪大大香鸡排(这是一条测试商户数据，仅用于测试开发，开发完成后请申请正式数据...)	31.21770061205766	121.44184154148056	0.0	小吃	0.0
317643	酷酷璐/章鱼小丸子(这是一条测试商户数据，仅用于测试开发，开发完成后请申请正式数据...)	31.196453017002305	121.43700291965311	30.0	小吃	0.0
317698	陈记羊肉粉(这是一条测试商户数据，仅用于测试开发，开发完成后请申请正式数据...)	31.178722253524484	121.43311684953676	30.0	小吃	17.0
318093	川味红唇小吃(这是一条测试商户数据，仅用于测试开发，开发完成后请申请正式数据...)	31.194650145042132	121.41575573592571	30.0	小吃	0.0
318174	吉祥特色大馄饨(这是一条测试商户数据，仅用于测试开发，开发完成后请申请正式数据...)	31.156205898369947	121.40504671490254	0.0	小吃	0.0
318277	舒氏馄饨汤圆面(这是一条测试商户数据，仅用于测试开发，开发完成后请申请正式数据...)	31.160650431848875	121.40304562988676	0.0	小吃	0.0
318587	脆皮鸡排(这是一条测试商户数据，仅用于测试开发，开发完成后请申请正式数据...)	31.170995671706727	121.41318046304879	30.0	小吃	0.0
318810	牛肉范(这是一条测试商户数据，仅用于测试开发，开发完成后请申请正式数据...)	31.21770061205766	121.44184154148056	0.0	小吃	0.0
318858	酸辣粉鸡排饮品(这是一条测试商户数据，仅用于测试开发，开发完成后请申请正式数据...)	31.164292569720132	121.40106483030068	30.0	小吃	0.0
318998	㊣沙县小吃(这是一条测试商户数据，仅用于测试开发，开发完成后请申请正式数据...)	31.191363996671264	121.41612138096285	0.0	小吃	0.0
319164	正宗咸肉菜饭(这是一条测试商户数据，仅用于测试开发，开发完成后请申请正式数据...)	31.163549715478855	121.40838771711414	0.0	小吃	0.0
321897	51鸡排(这是一条测试商户数据，仅用于测试开发，开发完成后请申请正式数据...)	31.200238196619296	121.45816063525828	30.0	小吃	0.0
322523	沪丰生煎生(这是一条测试商户数据，仅用于测试开发，开发完成后请申请正式数据...)	31.17380445672349	121.39625368733054	0.0	小吃	0.0
323645	180℃大鸡排(这是一条测试商户数据，仅用于测试开发，开发完成后请申请正式数据...)	31.216947735947745	121.45712118272422	30.0	小吃	0.0
323959	北舞渡胡辣汤(这是一条测试商户数据，仅用于测试开发，开发完成后请申请正式数据...)	31.195959364831726	121.44138639191705	0.0	小吃	0.0
324757	悦鱼小吃(这是一条测试商户数据，仅用于测试开发，开发完成后请申请正式数据...)	31.182164631297123	121.41443558327148	0.0	小吃	0.0
325809	安井小吃(这是一条测试商户数据，仅用于测试开发，开发完成后请申请正式数据...)	31.14492428432637	121.42878216302428	0.0	小吃	0.0
327597	武夷山小吃(这是一条测试商户数据，仅用于测试开发，开发完成后请申请正式数据...)	31.18606099728477	121.4241114507504	30.0	小吃	16.0
328010	齿留香串烧王国(这是一条测试商户数据，仅用于测试开发，开发完成后请申请正式数据...)	31.16463178125045	121.41478242314945	30.0	小吃	21.0
328851	一品鲜臭豆腐(这是一条测试商户数据，仅用于测试开发，开发完成后请申请正式数据...)	31.175576800022462	121.41201913009483	30.0	小吃	0.0
329587	徽州特色小吃(这是一条测试商户数据，仅用于测试开发，开发完成后请申请正式数据...)	31.13308939901794	121.43104704765109	0.0	小吃	0.0
330041	飘香特色小吃(这是一条测试商户数据，仅用于测试开发，开发完成后请申请正式数据...)	31.191760631740593	121.42915872944941	0.0	小吃	0.0
330319	正宗福鼎风味小吃(这是一条测试商户数据，仅用于测试开发，开发完成后请申请正式数据...)	31.164427760322205	121.41455223028723	30.0	小吃	0.0
331619	砂锅传奇(这是一条测试商户数据，仅用于测试开发，开发完成后请申请正式数据...)	31.199596101367785	121.4566713819181	0.0	小吃	0.0
331625	梅陇三村门口米饭饼摊头(这是一条测试商户数据，仅用于测试开发，开发完成后请申请正式数据...)	31.13854345169666	121.41466458025825	30.0	小吃	0.0
331627	小马炒面(这是一条测试商户数据，仅用于测试开发，开发完成后请申请正式数据...)	31.213714919665144	121.45050317757999	0.0	小吃	0.0
332699	炒面(这是一条测试商户数据，仅用于测试开发，开发完成后请申请正式数据...)	31.205948982007502	121.43329482348015	0.0	小吃	0.0
333191	福建特色千里香馄饨(这是一条测试商户数据，仅用于测试开发，开发完成后请申请正式数据...)	31.13221119119016	121.41835886900898	0.0	小吃	0.0
334770	南京特色盐水鸭(这是一条测试商户数据，仅用于测试开发，开发完成后请申请正式数据...)	31.17527631345417	121.41478149742102	0.0	小吃	0.0
335603	激渴(这是一条测试商户数据，仅用于测试开发，开发完成后请申请正式数据...)	31.18354852812018	121.43896314312772	30.0	小吃	0.0
335883	古法秘粽(这是一条测试商户数据，仅用于测试开发，开发完成后请申请正式数据...)	31.217840240723845	121.46258736867652	30.0	小吃	5.0
336207	食客享(这是一条测试商户数据，仅用于测试开发，开发完成后请申请正式数据...)	31.11933993453781	121.44872668514036	0.0	小吃	0.0
336339	爱丽丝Crepes(这是一条测试商户数据，仅用于测试开发，开发完成后请申请正式数据...)	31.12867826343439	121.44530735879417	0.0	小吃	0.0
336567	鑫生水369特色小吃(这是一条测试商户数据，仅用于测试开发，开发完成后请申请正式数据...)	31.153939257770716	121.42678819615926	30.0	小吃	0.0
336918	王记香酥鸭(这是一条测试商户数据，仅用于测试开发，开发完成后请申请正式数据...)	31.16218431613307	121.41688468902682	0.0	小吃	0.0
337283	卤大世台湾秘制卤肉卷(这是一条测试商户数据，仅用于测试开发，开发完成后请申请正式数据...)	31.19269308678982	121.43778486201913	35.0	小吃	0.0
338565	南塘浜路炒面摊(这是一条测试商户数据，仅用于测试开发，开发完成后请申请正式数据...)	31.203689572243405	121.47136656330254	0.0	小吃	0.0
338840	花溪王(这是一条测试商户数据，仅用于测试开发，开发完成后请申请正式数据...)	31.183352685453446	121.42729643979507	0.0	小吃	0.0
339011	2派克脆皮鸡排(这是一条测试商户数据，仅用于测试开发，开发完成后请申请正式数据...)	31.215194843084873	121.45546661107342	40.0	小吃	17.0
339428	乐好奇炸鸡(这是一条测试商户数据，仅用于测试开发，开发完成后请申请正式数据...)	31.150923877251124	121.42588708367134	30.0	小吃	0.0
341062	兄弟俩酒酿米松糕(这是一条测试商户数据，仅用于测试开发，开发完成后请申请正式数据...)	31.192811255979972	121.45746424939512	0.0	小吃	0.0
341602	果喔(这是一条测试商户数据，仅用于测试开发，开发完成后请申请正式数据...)	31.157817788410107	121.42903145905103	0.0	小吃	0.0
341749	黄豆传奇豆花饭(这是一条测试商户数据，仅用于测试开发，开发完成后请申请正式数据...)	31.183916036991686	121.43877270453864	30.0	小吃	0.0
342934	凉皮.凉面(这是一条测试商户数据，仅用于测试开发，开发完成后请申请正式数据...)	31.20631447294523	121.44320566627123	0.0	小吃	0.0
343849	炫辣串串香(这是一条测试商户数据，仅用于测试开发，开发完成后请申请正式数据...)	31.18606099728477	121.4241114507504	30.0	小吃	19.0
344523	小胖子手抓饼(这是一条测试商户数据，仅用于测试开发，开发完成后请申请正式数据...)	31.157468161479805	121.4042863147008	0.0	小吃	0.0
344793	千味九鲜(这是一条测试商户数据，仅用于测试开发，开发完成后请申请正式数据...)	31.13936491446837	121.44657955287278	0.0	小吃快餐	29.0
344845	阿利生煎(这是一条测试商户数据，仅用于测试开发，开发完成后请申请正式数据...)	31.144435044649928	121.42920290322614	0.0	小吃	0.0
348169	上海特色葱油饼专卖(这是一条测试商户数据，仅用于测试开发，开发完成后请申请正式数据...)	31.132927322979636	121.42574843486257	30.0	小吃	0.0
348343	八零后辣妈面馆(这是一条测试商户数据，仅用于测试开发，开发完成后请申请正式数据...)	31.197113510430963	121.42512194356875	0.0	小吃快餐	0.0
350269	易食客(这是一条测试商户数据，仅用于测试开发，开发完成后请申请正式数据...)	31.15448734278555	121.42620725826619	30.0	小吃快餐	0.0
350357	七条通(这是一条测试商户数据，仅用于测试开发，开发完成后请申请正式数据...)	31.169465868238746	121.4018945572354	0.0	小吃快餐	0.0
351330	番茄部落(这是一条测试商户数据，仅用于测试开发，开发完成后请申请正式数据...)	31.18156303078826	121.44713730386756	0.0	小吃快餐	0.0
352002	色味香餐厅(这是一条测试商户数据，仅用于测试开发，开发完成后请申请正式数据...)	31.210841567647947	121.45347743968267	0.0	小吃快餐	0.0
353378	屌丝烤冷面(这是一条测试商户数据，仅用于测试开发，开发完成后请申请正式数据...)	31.165191332620903	121.41449210941593	0.0	小吃	0.0
354958	am cake(桃江路店)(这是一条测试商户数据，仅用于测试开发，开发完成后请申请正式数据...)	31.21132359973834	121.4451548619905	30.0	小吃快餐	0.0
354987	强哥卤肉卷(这是一条测试商户数据，仅用于测试开发，开发完成后请申请正式数据...)	31.182147853107132	121.41482494024609	0.0	小吃	0.0
355836	王麻凉粉(这是一条测试商户数据，仅用于测试开发，开发完成后请申请正式数据...)	31.19470849689865	121.43256444295763	35.0	小吃	0.0
355999	台湾大鸡排g排(这是一条测试商户数据，仅用于测试开发，开发完成后请申请正式数据...)	31.196422295496532	121.45561865631178	30.0	小吃	0.0
356017	邹记风味鸭脖(这是一条测试商户数据，仅用于测试开发，开发完成后请申请正式数据...)	31.163423743830947	121.40824764733173	30.0	小吃	0.0
356090	无矾油条、木炭烧饼(这是一条测试商户数据，仅用于测试开发，开发完成后请申请正式数据...)	31.144727907644405	121.42837150747343	0.0	小吃	0.0
356487	好再来拉面王(这是一条测试商户数据，仅用于测试开发，开发完成后请申请正式数据...)	31.15111493605556	121.43192705707686	0.0	小吃	0.0
356828	潮汕粥道沙县小吃(这是一条测试商户数据，仅用于测试开发，开发完成后请申请正式数据...)	31.151506933860517	121.42714896846161	30.0	小吃	0.0
356841	小恶魔肉夹馍(这是一条测试商户数据，仅用于测试开发，开发完成后请申请正式数据...)	31.193304081961184	121.45921934004076	0.0	小吃	0.0
357279	老北京酱卤味系列(这是一条测试商户数据，仅用于测试开发，开发完成后请申请正式数据...)	31.133164979233648	121.42912374661293	0.0	小吃	0.0
357423	好莱小吃(这是一条测试商户数据，仅用于测试开发，开发完成后请申请正式数据...)	31.18135381938731	121.41580193679864	0.0	小吃	0.0
357478	美阳小厨(这是一条测试商户数据，仅用于测试开发，开发完成后请申请正式数据...)	31.164476726260496	121.41453621148386	30.0	小吃	0.0
357700	香诱美(人气小食)(这是一条测试商户数据，仅用于测试开发，开发完成后请申请正式数据...)	31.194345474203427	121.43727365867778	30.0	小吃	0.0
357734	小香园麦饼(这是一条测试商户数据，仅用于测试开发，开发完成后请申请正式数据...)	31.18644984961155	121.43122674567098	30.0	小吃	0.0
357999	上海秦和春餐厅(这是一条测试商户数据，仅用于测试开发，开发完成后请申请正式数据...)	31.163421001258197	121.40147498909354	0.0	小吃快餐	0.0
358410	兄妹奶茶(这是一条测试商户数据，仅用于测试开发，开发完成后请申请正式数据...)	31.128728761254113	121.4461193341591	0.0	小吃快餐	0.0
358506	阿姨奶茶（广元西路）(这是一条测试商户数据，仅用于测试开发，开发完成后请申请正式数据...)	31.20001684534699	121.43178256179412	30.0	小吃快餐	0.0
359016	旺角往事(这是一条测试商户数据，仅用于测试开发，开发完成后请申请正式数据...)	31.17869634051867	121.3901985611001	0.0	小吃快餐	0.0
359078	三鲜砂锅(这是一条测试商户数据，仅用于测试开发，开发完成后请申请正式数据...)	31.14295743344418	121.42094097829657	0.0	小吃快餐	0.0
359432	李氏  无矾油条 木炭烧饼(这是一条测试商户数据，仅用于测试开发，开发完成后请申请正式数据...)	31.17516767813471	121.4435992773694	0.0	小吃	0.0
359596	皇世大饼(这是一条测试商户数据，仅用于测试开发，开发完成后请申请正式数据...)	31.19654581164349	121.42610345364263	0.0	小吃	0.0
601	福禄寿司(这是一条测试商户数据，仅用于测试开发，开发完成后请申请正式数据...)	31.219040204233778	121.45419271108827	20.0	寿司/简餐	46.0
9181	天钥桥食堂(这是一条测试商户数据，仅用于测试开发，开发完成后请申请正式数据...)	31.187062524102362	121.4381861900417	35.0	寿司/简餐	47.0
9855	今日亭(这是一条测试商户数据，仅用于测试开发，开发完成后请申请正式数据...)	31.188577482714084	121.42937937467383	35.0	寿司/简餐	66.0
60161	蓝方餐厅(这是一条测试商户数据，仅用于测试开发，开发完成后请申请正式数据...)	31.18335780989821	121.43376767114358	20.0	寿司/简餐	49.0
60230	盛寿司(这是一条测试商户数据，仅用于测试开发，开发完成后请申请正式数据...)	31.21279246406372	121.45386233340231	35.0	寿司/简餐	66.0
62132	一品千味(这是一条测试商户数据，仅用于测试开发，开发完成后请申请正式数据...)	31.162333984373603	121.4104291181912	35.0	寿司/简餐	13.0
65162	道顿堀酷酷璐(这是一条测试商户数据，仅用于测试开发，开发完成后请申请正式数据...)	31.196834960722512	121.43708906333696	35.0	寿司/简餐	22.0
75109	松屋(这是一条测试商户数据，仅用于测试开发，开发完成后请申请正式数据...)	31.177062206403516	121.4123892910994	35.0	寿司/简餐	34.0
75234	花丸乌冬面(这是一条测试商户数据，仅用于测试开发，开发完成后请申请正式数据...)	31.1952337946095	121.43510922861277	35.0	寿司/简餐	37.0
81268	吉腾の拉面(这是一条测试商户数据，仅用于测试开发，开发完成后请申请正式数据...)	31.16588794877424	121.39481451573447	40.0	寿司/简餐	32.0
85006	一井寿司(这是一条测试商户数据，仅用于测试开发，开发完成后请申请正式数据...)	31.184632989093885	121.43140321634161	35.0	寿司/简餐	46.0
85876	安(这是一条测试商户数据，仅用于测试开发，开发完成后请申请正式数据...)	31.216851193709957	121.44308447319476	35.0	寿司/简餐	59.0
90472	凡凡屋料理(这是一条测试商户数据，仅用于测试开发，开发完成后请申请正式数据...)	31.184878331216	121.43251520418636	30.0	寿司/简餐	39.0
97877	粹拉面馆(这是一条测试商户数据，仅用于测试开发，开发完成后请申请正式数据...)	31.19553993426994	121.44860982423609	35.0	寿司/简餐	24.0
104382	天思寿司(这是一条测试商户数据，仅用于测试开发，开发完成后请申请正式数据...)	31.172928042215023	121.42991163155396	30.0	寿司/简餐	0.0
107354	寿司屋(这是一条测试商户数据，仅用于测试开发，开发完成后请申请正式数据...)	31.213023688406526	121.45447401218486	40.0	寿司/简餐	94.0
113970	和歌山(这是一条测试商户数据，仅用于测试开发，开发完成后请申请正式数据...)	31.188642365832635	121.42930925144017	40.0	寿司/简餐	47.0
116222	奈良本寿司(这是一条测试商户数据，仅用于测试开发，开发完成后请申请正式数据...)	31.20712200655457	121.44589201786772	50.0	寿司/简餐	1074.0
128801	永谷园(这是一条测试商户数据，仅用于测试开发，开发完成后请申请正式数据...)	31.18664704111466	121.42342043721194	35.0	寿司/简餐	35.0
129021	Echo 寿司吧(这是一条测试商户数据，仅用于测试开发，开发完成后请申请正式数据...)	31.217854083521104	121.44757527157043	40.0	寿司/简餐	64.0
129188	和风料理(这是一条测试商户数据，仅用于测试开发，开发完成后请申请正式数据...)	31.183448586527362	121.43896816251338	30.0	寿司/简餐	0.0
139910	鮨士道(这是一条测试商户数据，仅用于测试开发，开发完成后请申请正式数据...)	31.1952337946095	121.43510922861277	45.0	寿司/简餐	28.0
150772	鼎吉晓屋日式便当(这是一条测试商户数据，仅用于测试开发，开发完成后请申请正式数据...)	31.185469454872596	121.44012048521567	30.0	寿司/简餐	0.0
150855	加州寿司(这是一条测试商户数据，仅用于测试开发，开发完成后请申请正式数据...)	31.197116923719083	121.42350965110957	40.0	寿司/简餐	37.0
173462	SUSHI吧(这是一条测试商户数据，仅用于测试开发，开发完成后请申请正式数据...)	31.190002719469614	121.4346437745757	30.0	寿司/简餐	0.0
186725	寿司Bar(这是一条测试商户数据，仅用于测试开发，开发完成后请申请正式数据...)	31.19086580964058	121.43286533070408	30.0	寿司/简餐	0.0
187206	面屋武藏(这是一条测试商户数据，仅用于测试开发，开发完成后请申请正式数据...)	31.21797797674435	121.4529293224184	40.0	寿司/简餐	59.0
303602	海之恋寿司吧(这是一条测试商户数据，仅用于测试开发，开发完成后请申请正式数据...)	31.205937184526604	121.45123579038446	35.0	寿司/简餐	38.0
317547	回味寿司(这是一条测试商户数据，仅用于测试开发，开发完成后请申请正式数据...)	31.164071971860313	121.41460230676654	30.0	寿司/简餐	0.0
323317	V&R料理(这是一条测试商户数据，仅用于测试开发，开发完成后请申请正式数据...)	31.215131555830723	121.4557724821851	30.0	寿司/简餐	0.0
324742	延寿司(这是一条测试商户数据，仅用于测试开发，开发完成后请申请正式数据...)	31.216703856493663	121.44560047842572	30.0	寿司/简餐	0.0
328361	静手工寿司亭(这是一条测试商户数据，仅用于测试开发，开发完成后请申请正式数据...)	31.172969493943746	121.41934645428512	35.0	寿司/简餐	34.0
341424	宝禄(这是一条测试商户数据，仅用于测试开发，开发完成后请申请正式数据...)	31.203677292864047	121.44515051186974	30.0	寿司/简餐	0.0
344555	吉野家外卖(这是一条测试商户数据，仅用于测试开发，开发完成后请申请正式数据...)	31.184773694442914	121.43625240544003	30.0	寿司/简餐	0.0
350514	东美朱(这是一条测试商户数据，仅用于测试开发，开发完成后请申请正式数据...)	31.1733614857396	121.39704869478699	30.0	寿司/简餐	0.0
352951	食其家（光启城店）(这是一条测试商户数据，仅用于测试开发，开发完成后请申请正式数据...)	31.185718453874138	121.42440189245667	30.0	寿司/简餐	0.0
344793	千味九鲜(这是一条测试商户数据，仅用于测试开发，开发完成后请申请正式数据...)	31.13936491446837	121.44657955287278	0.0	小吃快餐	29.0
348343	八零后辣妈面馆(这是一条测试商户数据，仅用于测试开发，开发完成后请申请正式数据...)	31.197113510430963	121.42512194356875	0.0	小吃快餐	0.0
350269	易食客(这是一条测试商户数据，仅用于测试开发，开发完成后请申请正式数据...)	31.15448734278555	121.42620725826619	30.0	小吃快餐	0.0
350357	七条通(这是一条测试商户数据，仅用于测试开发，开发完成后请申请正式数据...)	31.169465868238746	121.4018945572354	0.0	小吃快餐	0.0
351330	番茄部落(这是一条测试商户数据，仅用于测试开发，开发完成后请申请正式数据...)	31.18156303078826	121.44713730386756	0.0	小吃快餐	0.0
352002	色味香餐厅(这是一条测试商户数据，仅用于测试开发，开发完成后请申请正式数据...)	31.210841567647947	121.45347743968267	0.0	小吃快餐	0.0
354958	am cake(桃江路店)(这是一条测试商户数据，仅用于测试开发，开发完成后请申请正式数据...)	31.21132359973834	121.4451548619905	30.0	小吃快餐	0.0
357999	上海秦和春餐厅(这是一条测试商户数据，仅用于测试开发，开发完成后请申请正式数据...)	31.163421001258197	121.40147498909354	0.0	小吃快餐	0.0
358410	兄妹奶茶(这是一条测试商户数据，仅用于测试开发，开发完成后请申请正式数据...)	31.128728761254113	121.4461193341591	0.0	小吃快餐	0.0
358506	阿姨奶茶（广元西路）(这是一条测试商户数据，仅用于测试开发，开发完成后请申请正式数据...)	31.20001684534699	121.43178256179412	30.0	小吃快餐	0.0
359016	旺角往事(这是一条测试商户数据，仅用于测试开发，开发完成后请申请正式数据...)	31.17869634051867	121.3901985611001	0.0	小吃快餐	0.0
359078	三鲜砂锅(这是一条测试商户数据，仅用于测试开发，开发完成后请申请正式数据...)	31.14295743344418	121.42094097829657	0.0	小吃快餐	0.0
353006	星巴克（南丹东路店）(这是一条测试商户数据，仅用于测试开发，开发完成后请申请正式数据...)	31.192815572395364	121.44118220494025	30.0	星巴克	0.0
2	萨莎(这是一条测试商户数据，仅用于测试开发，开发完成后请申请正式数据...)	31.210435961882478	121.4451198540866	40.0	酒吧	149.0
435	Old Times(这是一条测试商户数据，仅用于测试开发，开发完成后请申请正式数据...)	31.20717493878679	121.44257412786433	30.0	酒吧	59.0
464	棉花俱乐部(这是一条测试商户数据，仅用于测试开发，开发完成后请申请正式数据...)	31.21249657884175	121.44325524765996	30.0	酒吧	133.0
517	贝尼(这是一条测试商户数据，仅用于测试开发，开发完成后请申请正式数据...)	31.20529873109547	121.44135150603049	30.0	酒吧	71.0
653	摩砚(这是一条测试商户数据，仅用于测试开发，开发完成后请申请正式数据...)	31.207460047357618	121.44214311414945	30.0	酒吧	99.0
867	Zapata's Mexican Cantina(这是一条测试商户数据，仅用于测试开发，开发完成后请申请正式数据...)	31.210190764395918	121.4449494643691	30.0	酒吧	119.0
1217	Harley's Bar(这是一条测试商户数据，仅用于测试开发，开发完成后请申请正式数据...)	31.191190874488623	121.43375697256445	30.0	酒吧	39.0
1411	巴赫酒廊(这是一条测试商户数据，仅用于测试开发，开发完成后请申请正式数据...)	31.203593755189498	121.43906162050524	30.0	酒吧	67.0
1449	顿迪酒吧(这是一条测试商户数据，仅用于测试开发，开发完成后请申请正式数据...)	31.205248516247533	121.4412111951465	30.0	酒吧	104.0
1464	爵士酒吧(这是一条测试商户数据，仅用于测试开发，开发完成后请申请正式数据...)	31.21260840901275	121.4402885076688	35.0	酒吧	130.0
1943	哈鲁(这是一条测试商户数据，仅用于测试开发，开发完成后请申请正式数据...)	31.206603654375563	121.44225344056808	20.0	酒吧	68.0
5204	Cotton's(这是一条测试商户数据，仅用于测试开发，开发完成后请申请正式数据...)	31.203605576423215	121.44308562072369	40.0	酒吧	119.0
6736	富豪东亚心悦酒廊(这是一条测试商户数据，仅用于测试开发，开发完成后请申请正式数据...)	31.18335927103825	121.4361623466451	30.0	酒吧	0.0
7329	勃比吧(这是一条测试商户数据，仅用于测试开发，开发完成后请申请正式数据...)	31.16565386854867	121.40101470233365	30.0	酒吧	0.0
7516	福炉(这是一条测试商户数据，仅用于测试开发，开发完成后请申请正式数据...)	31.204915779429207	121.44068003864074	30.0	酒吧	0.0
7676	Oscar's Pub(这是一条测试商户数据，仅用于测试开发，开发完成后请申请正式数据...)	31.212407920188806	121.44560586261031	40.0	酒吧	88.0
8476	Eddy's Bar(这是一条测试商户数据，仅用于测试开发，开发完成后请申请正式数据...)	31.205402041502953	121.43314459011472	35.0	酒吧	45.0
9346	Enoterra红酒吧(这是一条测试商户数据，仅用于测试开发，开发完成后请申请正式数据...)	31.21657810457906	121.44239289801536	40.0	酒吧	120.0
9431	Happy夜色单身交友俱乐部(这是一条测试商户数据，仅用于测试开发，开发完成后请申请正式数据...)	31.208870891405375	121.44357230334283	30.0	酒吧	0.0
9907	金洋咖啡吧(这是一条测试商户数据，仅用于测试开发，开发完成后请申请正式数据...)	31.21783615224738	121.45011179311085	40.0	酒吧	52.0
11573	The Shelter(这是一条测试商户数据，仅用于测试开发，开发完成后请申请正式数据...)	31.213702252351876	121.43929625053076	35.0	酒吧	87.0
12649	Ci5 Cafe & Champagne Bar(这是一条测试商户数据，仅用于测试开发，开发完成后请申请正式数据...)	31.20690036081232	121.43529859022166	40.0	酒吧	104.0
13104	海獭酒吧(这是一条测试商户数据，仅用于测试开发，开发完成后请申请正式数据...)	31.210020094441003	121.44719499306599	30.0	酒吧	52.0
13425	玛露兰酒吧(这是一条测试商户数据，仅用于测试开发，开发完成后请申请正式数据...)	31.208607212874952	121.44312127146493	30.0	酒吧	0.0
14196	The Park Tavern(这是一条测试商户数据，仅用于测试开发，开发完成后请申请正式数据...)	31.198823307044538	121.4359806437734	35.0	酒吧	96.0
15146	酒池星座 Constellation(这是一条测试商户数据，仅用于测试开发，开发完成后请申请正式数据...)	31.219574218905493	121.45054678731147	45.0	酒吧	109.0
16298	绿色阳台Lounge(这是一条测试商户数据，仅用于测试开发，开发完成后请申请正式数据...)	31.209118413216068	121.44713492062868	30.0	酒吧	0.0
18379	Shanghai Studio(这是一条测试商户数据，仅用于测试开发，开发完成后请申请正式数据...)	31.205741712281	121.4330243367298	35.0	酒吧	80.0
18591	Kiitos(这是一条测试商户数据，仅用于测试开发，开发完成后请申请正式数据...)	31.21197677126448	121.43910599036724	40.0	酒吧	69.0
19638	哈噜2吧(这是一条测试商户数据，仅用于测试开发，开发完成后请申请正式数据...)	31.210453514458788	121.44433797733356	30.0	酒吧	0.0
22147	富豪环球东亚酒店行政酒廊(这是一条测试商户数据，仅用于测试开发，开发完成后请申请正式数据...)	31.20355604126985	121.43922697919508	30.0	酒吧	0.0
23964	TORRES LA VINOTECA(这是一条测试商户数据，仅用于测试开发，开发完成后请申请正式数据...)	31.21800450279022	121.45032233140284	35.0	酒吧	255.0
24595	南十字星(这是一条测试商户数据，仅用于测试开发，开发完成后请申请正式数据...)	31.21574100203552	121.44701404699997	45.0	酒吧	103.0
24807	BIN74(这是一条测试商户数据，仅用于测试开发，开发完成后请申请正式数据...)	31.212666714829258	121.43865496659043	40.0	酒吧	99.0
25301	哥莉酒吧(这是一条测试商户数据，仅用于测试开发，开发完成后请申请正式数据...)	31.20601102651228	121.44114097177841	30.0	酒吧	165.0
27789	CLUB CD SOHO(这是一条测试商户数据，仅用于测试开发，开发完成后请申请正式数据...)	31.20812800735866	121.44287474018495	35.0	酒吧	351.0
27904	搜浩No.88酒吧(这是一条测试商户数据，仅用于测试开发，开发完成后请申请正式数据...)	31.2190412057345	121.44792605514829	35.0	酒吧	281.0
27916	825钢琴酒吧(这是一条测试商户数据，仅用于测试开发，开发完成后请申请正式数据...)	31.19952805623974	121.4427952994275	30.0	酒吧	0.0
28731	Free Soul(这是一条测试商户数据，仅用于测试开发，开发完成后请申请正式数据...)	31.216786189015515	121.43766853423037	30.0	酒吧	48.0
29624	葡道(这是一条测试商户数据，仅用于测试开发，开发完成后请申请正式数据...)	31.208797745572316	121.43481748401723	45.0	酒吧	108.0
29792	衡山宾馆大堂吧(这是一条测试商户数据，仅用于测试开发，开发完成后请申请正式数据...)	31.202649419500098	121.43856564370918	30.0	酒吧	0.0
30027	OK酒吧(这是一条测试商户数据，仅用于测试开发，开发完成后请申请正式数据...)	31.209118413216068	121.44713492062868	30.0	酒吧	0.0
35360	9 Salon(这是一条测试商户数据，仅用于测试开发，开发完成后请申请正式数据...)	31.21781940604767	121.45023211025772	35.0	酒吧	0.0
36170	The Chalet(这是一条测试商户数据，仅用于测试开发，开发完成后请申请正式数据...)	31.209570760082197	121.45139590449386	45.0	酒吧	84.0
38296	发发吧(这是一条测试商户数据，仅用于测试开发，开发完成后请申请正式数据...)	31.204590812961666	121.44060590232209	30.0	酒吧	0.0
38301	FULL HOUSE coffee bar(这是一条测试商户数据，仅用于测试开发，开发完成后请申请正式数据...)	31.206443627197956	121.44219331679436	35.0	酒吧	58.0
38305	西玛XIMA(这是一条测试商户数据，仅用于测试开发，开发完成后请申请正式数据...)	31.205328819250845	121.4414116387953	30.0	酒吧	82.0
41170	苏活酒吧(这是一条测试商户数据，仅用于测试开发，开发完成后请申请正式数据...)	31.178359666511216	121.40633535054484	30.0	酒吧	0.0
41511	SBS191(这是一条测试商户数据，仅用于测试开发，开发完成后请申请正式数据...)	31.20696088422743	121.44248393872468	30.0	酒吧	92.0
42048	HONEY酒吧(这是一条测试商户数据，仅用于测试开发，开发完成后请申请正式数据...)	31.2168805073369	121.45151559446249	30.0	酒吧	187.0
42783	el CÓCTEL(这是一条测试商户数据，仅用于测试开发，开发完成后请申请正式数据...)	31.213243618819114	121.43938648501458	50.0	酒吧	121.0
43111	2：0 one piece bar(这是一条测试商户数据，仅用于测试开发，开发完成后请申请正式数据...)	31.16039886858341	121.41629424372371	35.0	酒吧	50.0
51112	The Camel Bar(这是一条测试商户数据，仅用于测试开发，开发完成后请申请正式数据...)	31.210832325526614	121.44751572779988	40.0	酒吧	104.0
52680	T-Gallery(这是一条测试商户数据，仅用于测试开发，开发完成后请申请正式数据...)	31.202494073545566	121.43892642599356	30.0	酒吧	0.0
54456	Shiva Lounge(这是一条测试商户数据，仅用于测试开发，开发完成后请申请正式数据...)	31.213479620088652	121.43945661624393	35.0	酒吧	62.0
55985	PHEBE 3D CLUB(这是一条测试商户数据，仅用于测试开发，开发完成后请申请正式数据...)	31.207322218781773	121.44220326359779	35.0	酒吧	337.0
56197	N Square(这是一条测试商户数据，仅用于测试开发，开发完成后请申请正式数据...)	31.204688393119554	121.44038340190907	30.0	酒吧	53.0
56506	Tam O'Shanter(这是一条测试商户数据，仅用于测试开发，开发完成后请申请正式数据...)	31.213342775651522	121.4395117474612	30.0	酒吧	95.0
57948	Three Sister's Bar(这是一条测试商户数据，仅用于测试开发，开发完成后请申请正式数据...)	31.212583480362984	121.44953072968728	30.0	酒吧	0.0
59299	BEER MASTRE(这是一条测试商户数据，仅用于测试开发，开发完成后请申请正式数据...)	31.171744088127095	121.41030821724156	30.0	酒吧	1142.0
62611	The Roof(这是一条测试商户数据，仅用于测试开发，开发完成后请申请正式数据...)	31.207993457857484	121.44635307576843	50.0	酒吧	123.0
62966	The Monkey Champagne(这是一条测试商户数据，仅用于测试开发，开发完成后请申请正式数据...)	31.218199697416058	121.44948011373477	35.0	酒吧	108.0
62985	Lola(这是一条测试商户数据，仅用于测试开发，开发完成后请申请正式数据...)	31.20775400188079	121.44657765162567	30.0	酒吧	129.0
63130	第一风尚GAGA酒吧(这是一条测试商户数据，仅用于测试开发，开发完成后请申请正式数据...)	31.184393604124097	121.43738074077577	35.0	酒吧	270.0
65910	Brownstone(这是一条测试商户数据，仅用于测试开发，开发完成后请申请正式数据...)	31.20775400188079	121.44657765162567	45.0	酒吧	107.0
76581	Salley Garden(这是一条测试商户数据，仅用于测试开发，开发完成后请申请正式数据...)	31.208683009972333	121.4488593308444	40.0	酒吧	78.0
77450	Lune Bar(这是一条测试商户数据，仅用于测试开发，开发完成后请申请正式数据...)	31.2187304220269	121.44796117095616	35.0	酒吧	54.0
80283	INFERNO(这是一条测试商户数据，仅用于测试开发，开发完成后请申请正式数据...)	31.208651905021195	121.44879917895139	40.0	酒吧	53.0
80294	Top Cellar(这是一条测试商户数据，仅用于测试开发，开发完成后请申请正式数据...)	31.19394984077561	121.43802525614754	30.0	酒吧	0.0
83125	Ture Love(这是一条测试商户数据，仅用于测试开发，开发完成后请申请正式数据...)	31.207322218781773	121.44220326359779	30.0	酒吧	167.0
84097	Cheersin(这是一条测试商户数据，仅用于测试开发，开发完成后请申请正式数据...)	31.212951305861957	121.45428348782772	40.0	酒吧	30.0
89574	香槟沙龙酒廊(这是一条测试商户数据，仅用于测试开发，开发完成后请申请正式数据...)	31.2126087359077	121.42855592442734	30.0	酒吧	0.0
92215	Craft(这是一条测试商户数据，仅用于测试开发，开发完成后请申请正式数据...)	31.217894410508837	121.44976087058267	35.0	酒吧	115.0
95256	The Bubbles Bar(这是一条测试商户数据，仅用于测试开发，开发完成后请申请正式数据...)	31.21239755345957	121.44902543802583	30.0	酒吧	0.0
98689	Arcade(这是一条测试商户数据，仅用于测试开发，开发完成后请申请正式数据...)	31.212350332896392	121.44016826555601	40.0	酒吧	110.0
98795	Misael酒吧(这是一条测试商户数据，仅用于测试开发，开发完成后请申请正式数据...)	31.212006449998697	121.43634623709994	35.0	酒吧	66.0
99347	Hollywood Shanghai(这是一条测试商户数据，仅用于测试开发，开发完成后请申请正式数据...)	31.20938363438962	121.44731534951734	40.0	酒吧	133.0
102162	Club 15(这是一条测试商户数据，仅用于测试开发，开发完成后请申请正式数据...)	31.200622675510083	121.44615823211618	35.0	酒吧	0.0
102952	Sonik Fly(这是一条测试商户数据，仅用于测试开发，开发完成后请申请正式数据...)	31.207032866913817	121.44249395554648	35.0	酒吧	119.0
102960	一源酒窖(这是一条测试商户数据，仅用于测试开发，开发完成后请申请正式数据...)	31.13860034501855	121.42163222947376	0.0	酒吧	0.0
103775	Abbeyroad(这是一条测试商户数据，仅用于测试开发，开发完成后请申请正式数据...)	31.21220028109062	121.4572419395684	30.0	酒吧	0.0
103952	The Room(这是一条测试商户数据，仅用于测试开发，开发完成后请申请正式数据...)	31.22297872077344	121.44962006515449	30.0	酒吧	142.0
104002	FOUNT BAR(这是一条测试商户数据，仅用于测试开发，开发完成后请申请正式数据...)	31.20787022571902	121.44672400453702	40.0	酒吧	100.0
105808	奥林匹克俱乐部花园吧(这是一条测试商户数据，仅用于测试开发，开发完成后请申请正式数据...)	31.181322796831985	121.43444914988814	30.0	酒吧	0.0
106507	Cheer's Cellar(这是一条测试商户数据，仅用于测试开发，开发完成后请申请正式数据...)	31.206731460768378	121.446032395642	30.0	酒吧	0.0
106980	Boom(这是一条测试商户数据，仅用于测试开发，开发完成后请申请正式数据...)	31.216532404981333	121.44993143339973	0.0	酒吧	0.0
107907	Hacienda(这是一条测试商户数据，仅用于测试开发，开发完成后请申请正式数据...)	31.210075376318624	121.44470889632544	30.0	酒吧	0.0
112532	CLUB PLAYHOUSE(这是一条测试商户数据，仅用于测试开发，开发完成后请申请正式数据...)	31.20736222559621	121.442218294533	35.0	酒吧	236.0
117117	萤火音乐吧(这是一条测试商户数据，仅用于测试开发，开发完成后请申请正式数据...)	31.1391635510583	121.41136179679398	30.0	酒吧	0.0
118200	上海早晨会所(这是一条测试商户数据，仅用于测试开发，开发完成后请申请正式数据...)	31.19713088455905	121.4628399204353	0.0	酒吧	0.0
118775	煌佳咖啡钢琴酒吧(这是一条测试商户数据，仅用于测试开发，开发完成后请申请正式数据...)	31.17695071814097	121.42799811163707	0.0	酒吧	0.0
126817	Al's Single Malt(这是一条测试商户数据，仅用于测试开发，开发完成后请申请正式数据...)	31.20675527883222	121.44594217236099	35.0	酒吧	0.0
127580	Senator Saloon(这是一条测试商户数据，仅用于测试开发，开发完成后请申请正式数据...)	31.214983093853576	121.44252333585953	45.0	酒吧	107.0
128228	Jumping(这是一条测试商户数据，仅用于测试开发，开发完成后请申请正式数据...)	31.205596654525486	121.43293017443668	30.0	酒吧	0.0
128506	Labella Wine House(这是一条测试商户数据，仅用于测试开发，开发完成后请申请正式数据...)	31.21259325930491	121.43435626262468	30.0	酒吧	0.0
128664	Heineken(这是一条测试商户数据，仅用于测试开发，开发完成后请申请正式数据...)	31.207245365260757	121.45396710104868	0.0	酒吧	0.0
130494	The Rooster(这是一条测试商户数据，仅用于测试开发，开发完成后请申请正式数据...)	31.21281760458255	121.45393252546302	30.0	酒吧	0.0
131135	上海衡山路十二号酒店Lobby Lounge灵动吧(这是一条测试商户数据，仅用于测试开发，开发完成后请申请正式数据...)	31.206911774444468	121.44183245378126	30.0	酒吧	155.0
133120	Tannic(这是一条测试商户数据，仅用于测试开发，开发完成后请申请正式数据...)	31.190723648328333	121.43815580945214	0.0	酒吧	0.0
133350	Maya Club(这是一条测试商户数据，仅用于测试开发，开发完成后请申请正式数据...)	31.213841843856944	121.44485893113774	35.0	酒吧	463.0
135708	XOXO Club(这是一条测试商户数据，仅用于测试开发，开发完成后请申请正式数据...)	31.22071578123385	121.44042811403756	0.0	酒吧	0.0
135787	Handle Bar(这是一条测试商户数据，仅用于测试开发，开发完成后请申请正式数据...)	31.212967249571353	121.45380215196862	35.0	酒吧	0.0
140117	Shanghai Sliders(这是一条测试商户数据，仅用于测试开发，开发完成后请申请正式数据...)	31.21296249147126	121.4539124574365	40.0	酒吧	78.0
150735	MOJITO HEAVEN(这是一条测试商户数据，仅用于测试开发，开发完成后请申请正式数据...)	31.215500557893353	121.43037874277438	40.0	酒吧	89.0
151309	夜魅酒吧(这是一条测试商户数据，仅用于测试开发，开发完成后请申请正式数据...)	31.18336336180871	121.43753514962079	30.0	酒吧	0.0
154115	Vedett(这是一条测试商户数据，仅用于测试开发，开发完成后请申请正式数据...)	31.212272421045363	121.44892920092688	35.0	酒吧	0.0
154270	The Retreat Cafe & Bar(这是一条测试商户数据，仅用于测试开发，开发完成后请申请正式数据...)	31.201484161395292	121.44283121353011	30.0	酒吧	35.0
155602	澳洲红酒中心(这是一条测试商户数据，仅用于测试开发，开发完成后请申请正式数据...)	31.18605563732017	121.44495155331161	0.0	酒吧	0.0
157225	La Buvette(这是一条测试商户数据，仅用于测试开发，开发完成后请申请正式数据...)	31.213013162273516	121.45377206488477	30.0	酒吧	0.0
157679	Arkham俱乐部(这是一条测试商户数据，仅用于测试开发，开发完成后请申请正式数据...)	31.20954269136352	121.44364140766525	35.0	酒吧	93.0
158872	Revolution Cocktail(这是一条测试商户数据，仅用于测试开发，开发完成后请申请正式数据...)	31.212967119108306	121.45374198577674	30.0	酒吧	52.0
161647	Facebar(这是一条测试商户数据，仅用于测试开发，开发完成后请申请正式数据...)	31.139119578585294	121.41137180800806	0.0	酒吧	0.0
164319	郭一清Bar(这是一条测试商户数据，仅用于测试开发，开发完成后请申请正式数据...)	31.191494565992144	121.43834614396157	30.0	酒吧	0.0
165844	Pino Jazz Club(这是一条测试商户数据，仅用于测试开发，开发完成后请申请正式数据...)	31.186440933451085	121.42711588861279	0.0	酒吧	0.0
167082	长乐路酒吧(这是一条测试商户数据，仅用于测试开发，开发完成后请申请正式数据...)	31.22325555202212	121.45747165274125	0.0	酒吧	0.0
168093	应技大夜店(这是一条测试商户数据，仅用于测试开发，开发完成后请申请正式数据...)	31.16847118986956	121.41707433981685	0.0	酒吧	0.0
168618	Magpie Cocktail Bar(这是一条测试商户数据，仅用于测试开发，开发完成后请申请正式数据...)	31.211716456939904	121.45078409218885	35.0	酒吧	52.0
169351	华庭咖酒吧(这是一条测试商户数据，仅用于测试开发，开发完成后请申请正式数据...)	31.180323551460425	121.4284685819533	0.0	酒吧	38.0
169492	The flamingo(这是一条测试商户数据，仅用于测试开发，开发完成后请申请正式数据...)	31.215126379140763	121.4561385229945	35.0	酒吧	0.0
171704	Paulana酒吧(这是一条测试商户数据，仅用于测试开发，开发完成后请申请正式数据...)	31.2114107519784	121.44787658850345	0.0	酒吧	0.0
172176	i Darts Club 飞镖酒吧(这是一条测试商户数据，仅用于测试开发，开发完成后请申请正式数据...)	31.206982856011674	121.44247391376729	40.0	酒吧	159.0
172717	Red Roosters(这是一条测试商户数据，仅用于测试开发，开发完成后请申请正式数据...)	31.18439385871708	121.43754508109177	30.0	酒吧	0.0
173459	The Public(这是一条测试商户数据，仅用于测试开发，开发完成后请申请正式数据...)	31.215028462635566	121.45249840333899	45.0	酒吧	181.0
175093	Neigo(这是一条测试商户数据，仅用于测试开发，开发完成后请申请正式数据...)	31.205265781354722	121.44137155399186	30.0	酒吧	215.0
176338	Tea&wine Salon Gonzales(这是一条测试商户数据，仅用于测试开发，开发完成后请申请正式数据...)	31.20254538822225	121.43913687279797	0.0	酒吧	0.0
177201	Avenue Joffre Bar(这是一条测试商户数据，仅用于测试开发，开发完成后请申请正式数据...)	31.207850235392826	121.44672400626696	40.0	酒吧	129.0
177298	Bistro Rusticana(这是一条测试商户数据，仅用于测试开发，开发完成后请申请正式数据...)	31.209756773852018	121.45096474011034	0.0	酒吧	100.0
177999	锐壹堂清酒寒舍(这是一条测试商户数据，仅用于测试开发，开发完成后请申请正式数据...)	31.21257443570744	121.43907587397668	35.0	酒吧	101.0
178774	Wine+ 酒沃(这是一条测试商户数据，仅用于测试开发，开发完成后请申请正式数据...)	31.210418792703624	121.44337570876739	35.0	酒吧	132.0
179088	扎啤工厂 Tap House(这是一条测试商户数据，仅用于测试开发，开发完成后请申请正式数据...)	31.21262626466785	121.45280444281819	35.0	酒吧	82.0
179561	Connoisseur(这是一条测试商户数据，仅用于测试开发，开发完成后请申请正式数据...)	31.20959360373658	121.44360632079457	40.0	酒吧	115.0
183493	苏河酒吧(这是一条测试商户数据，仅用于测试开发，开发完成后请申请正式数据...)	31.20877155155458	121.44335580456769	30.0	酒吧	0.0
183537	安琪瑞纳酒吧(这是一条测试商户数据，仅用于测试开发，开发完成后请申请正式数据...)	31.184348750225077	121.43934890312349	0.0	酒吧	0.0
184418	魅酒(这是一条测试商户数据，仅用于测试开发，开发完成后请申请正式数据...)	31.213132802794522	121.4540929428911	35.0	酒吧	0.0
185400	Park View聚点(这是一条测试商户数据，仅用于测试开发，开发完成后请申请正式数据...)	31.19558497026887	121.46964159833446	0.0	酒吧	0.0
187445	THE  BOULEVARD(这是一条测试商户数据，仅用于测试开发，开发完成后请申请正式数据...)	31.213274653659145	121.44514968093318	45.0	酒吧	158.0
190648	O-Gossip(这是一条测试商户数据，仅用于测试开发，开发完成后请申请正式数据...)	31.20635959120258	121.44038927031397	30.0	酒吧	92.0
190786	Angels Kiss Club(这是一条测试商户数据，仅用于测试开发，开发完成后请申请正式数据...)	31.20452076972948	121.44055980627182	35.0	酒吧	129.0
191627	POCHO(这是一条测试商户数据，仅用于测试开发，开发完成后请申请正式数据...)	31.20660049028943	121.45153653660006	30.0	酒吧	0.0
191679	MyBar(这是一条测试商户数据，仅用于测试开发，开发完成后请申请正式数据...)	31.190591845631722	121.43695332528061	0.0	酒吧	0.0
192126	Barolo wine house(这是一条测试商户数据，仅用于测试开发，开发完成后请申请正式数据...)	31.213003903186397	121.43205192209375	45.0	酒吧	201.0
192508	Le Rouge(这是一条测试商户数据，仅用于测试开发，开发完成后请申请正式数据...)	31.210323492584372	121.44747567096698	30.0	酒吧	120.0
192616	Ronchamp(这是一条测试商户数据，仅用于测试开发，开发完成后请申请正式数据...)	31.21269083913455	121.45355148422415	40.0	酒吧	66.0
207343	璐娜(这是一条测试商户数据，仅用于测试开发，开发完成后请申请正式数据...)	31.218871384654264	121.44797619687762	35.0	酒吧	0.0
208350	Tattoo Family&Bar(这是一条测试商户数据，仅用于测试开发，开发完成后请申请正式数据...)	31.213250190516348	121.45290967613832	0.0	酒吧	68.0
214588	加特酒吧(这是一条测试商户数据，仅用于测试开发，开发完成后请申请正式数据...)	31.186267432809213	121.4323648085821	30.0	酒吧	0.0
215278	GaGa酒吧(这是一条测试商户数据，仅用于测试开发，开发完成后请申请正式数据...)	31.185295348854353	121.43341684154241	30.0	酒吧	0.0
221386	麝香猫餐厅酒吧(这是一条测试商户数据，仅用于测试开发，开发完成后请申请正式数据...)	31.209811580675446	121.46480492388534	35.0	酒吧	0.0
222113	Epic(这是一条测试商户数据，仅用于测试开发，开发完成后请申请正式数据...)	31.212103097907725	121.43407576731495	40.0	酒吧	94.0
239331	007啤酒屋(这是一条测试商户数据，仅用于测试开发，开发完成后请申请正式数据...)	31.181048243404582	121.4059649458376	30.0	酒吧	0.0
239336	518Club(这是一条测试商户数据，仅用于测试开发，开发完成后请申请正式数据...)	31.17193660449298	121.425550760057	0.0	酒吧	0.0
239382	Lounge Bar(这是一条测试商户数据，仅用于测试开发，开发完成后请申请正式数据...)	31.210472187283884	121.44735535591828	35.0	酒吧	0.0
239392	Red(这是一条测试商户数据，仅用于测试开发，开发完成后请申请正式数据...)	31.209658590399727	121.44361633872012	30.0	酒吧	0.0
239396	SH 508尊萃会馆(这是一条测试商户数据，仅用于测试开发，开发完成后请申请正式数据...)	31.2039221825724	121.43120118596265	0.0	酒吧	0.0
239436	钢琴酒吧(这是一条测试商户数据，仅用于测试开发，开发完成后请申请正式数据...)	31.217923071950544	121.44960045032134	0.0	酒吧	0.0
239441	基地俱乐部(这是一条测试商户数据，仅用于测试开发，开发完成后请申请正式数据...)	31.208984328651784	121.43792374238332	30.0	酒吧	0.0
239453	金祺麟歌舞厅(这是一条测试商户数据，仅用于测试开发，开发完成后请申请正式数据...)	31.15922573030338	121.41669074669441	30.0	酒吧	0.0
239474	亮点酒吧(这是一条测试商户数据，仅用于测试开发，开发完成后请申请正式数据...)	31.20184590851815	121.4398584960581	30.0	酒吧	0.0
239478	绿色长廊酒吧(这是一条测试商户数据，仅用于测试开发，开发完成后请申请正式数据...)	31.150303877346296	121.42651809500231	30.0	酒吧	0.0
239485	玛歌(这是一条测试商户数据，仅用于测试开发，开发完成后请申请正式数据...)	31.20467032834511	121.44033930623738	30.0	酒吧	0.0
239486	梦乡情酒吧(这是一条测试商户数据，仅用于测试开发，开发完成后请申请正式数据...)	31.140247318588273	121.40954544927328	0.0	酒吧	0.0
239488	名爵商务会所酒吧(这是一条测试商户数据，仅用于测试开发，开发完成后请申请正式数据...)	31.189140799861548	121.41864424622625	30.0	酒吧	0.0
239489	啤也酒吧(这是一条测试商户数据，仅用于测试开发，开发完成后请申请正式数据...)	31.17134718416759	121.40999804257531	0.0	酒吧	0.0
239539	银都休闲酒吧(这是一条测试商户数据，仅用于测试开发，开发完成后请申请正式数据...)	31.138995350905336	121.42299398863943	30.0	酒吧	0.0
239545	音乐盒(这是一条测试商户数据，仅用于测试开发，开发完成后请申请正式数据...)	31.214194773066943	121.44545032991095	30.0	酒吧	0.0
239548	樱之梦酒吧(这是一条测试商户数据，仅用于测试开发，开发完成后请申请正式数据...)	31.13965658216843	121.40938039540386	0.0	酒吧	0.0
256436	SepTember fine wine Club(这是一条测试商户数据，仅用于测试开发，开发完成后请申请正式数据...)	31.209611921619874	121.4641027511189	0.0	酒吧	0.0
256784	Rouge Wine Bar(这是一条测试商户数据，仅用于测试开发，开发完成后请申请正式数据...)	31.21100799371416	121.44634780248302	0.0	酒吧	0.0
263511	Grub Groove(这是一条测试商户数据，仅用于测试开发，开发完成后请申请正式数据...)	31.206656850311006	121.45542121776045	30.0	酒吧	0.0
272039	第一风尚夜店(这是一条测试商户数据，仅用于测试开发，开发完成后请申请正式数据...)	31.183345343288156	121.4319442979029	30.0	酒吧	0.0
274792	卡玛(这是一条测试商户数据，仅用于测试开发，开发完成后请申请正式数据...)	31.21771850200894	121.45122474535506	30.0	酒吧	0.0
277239	BODNTY(这是一条测试商户数据，仅用于测试开发，开发完成后请申请正式数据...)	31.213418665646234	121.43946664321982	0.0	酒吧	0.0
277293	CATS(这是一条测试商户数据，仅用于测试开发，开发完成后请申请正式数据...)	31.221707179387792	121.4415304903369	0.0	酒吧	0.0
277338	Country Road Bar(这是一条测试商户数据，仅用于测试开发，开发完成后请申请正式数据...)	31.221499415098016	121.4416106895629	0.0	酒吧	0.0
277701	ITALIAN RESTAURANT&WINE BAR(这是一条测试商户数据，仅用于测试开发，开发完成后请申请正式数据...)	31.210502296561504	121.46362118123974	0.0	酒吧	0.0
277940	MEN(这是一条测试商户数据，仅用于测试开发，开发完成后请申请正式数据...)	31.21886938560274	121.44797619705062	0.0	酒吧	0.0
278268	Skye CELLARS(这是一条测试商户数据，仅用于测试开发，开发完成后请申请正式数据...)	31.21626775546583	121.43236220365388	0.0	酒吧	0.0
278339	TEQUILA SUNRISE(这是一条测试商户数据，仅用于测试开发，开发完成后请申请正式数据...)	31.210470003009227	121.44406131869468	35.0	酒吧	0.0
281339	东安路十五号(这是一条测试商户数据，仅用于测试开发，开发完成后请申请正式数据...)	31.200602495615794	121.44605798756743	30.0	酒吧	0.0
284684	灰姑娘酒吧(这是一条测试商户数据，仅用于测试开发，开发完成后请申请正式数据...)	31.21868926277831	121.44937981128102	30.0	酒吧	0.0
285322	嘉元俱乐部(这是一条测试商户数据，仅用于测试开发，开发完成后请申请正式数据...)	31.220663723402254	121.43457197933479	0.0	酒吧	0.0
286561	爵士上海(这是一条测试商户数据，仅用于测试开发，开发完成后请申请正式数据...)	31.21257727391276	121.44019831193911	0.0	酒吧	0.0
287589	老友会主题酒吧(这是一条测试商户数据，仅用于测试开发，开发完成后请申请正式数据...)	31.206332079977916	121.42965830527663	0.0	酒吧	0.0
289870	你歌咖啡馆(这是一条测试商户数据，仅用于测试开发，开发完成后请申请正式数据...)	31.22124053734731	121.44161071200858	0.0	酒吧	0.0
291299	日式音乐酒吧(这是一条测试商户数据，仅用于测试开发，开发完成后请申请正式数据...)	31.21995556840848	121.43947609792549	0.0	酒吧	0.0
300812	Cotton Field(这是一条测试商户数据，仅用于测试开发，开发完成后请申请正式数据...)	31.212631389128553	121.44318507229552	30.0	酒吧	0.0
301062	大堂酒廊(这是一条测试商户数据，仅用于测试开发，开发完成后请申请正式数据...)	31.16025053139164	121.42342273062786	0.0	酒吧	0.0
301068	99酒吧(这是一条测试商户数据，仅用于测试开发，开发完成后请申请正式数据...)	31.16025053139164	121.42342273062786	30.0	酒吧	0.0
301238	La Cava(这是一条测试商户数据，仅用于测试开发，开发完成后请申请正式数据...)	31.21148920554703	121.45437386525032	30.0	酒吧	77.0
306655	夜店Gaga(这是一条测试商户数据，仅用于测试开发，开发完成后请申请正式数据...)	31.184614169730853	121.43781562506554	30.0	酒吧	0.0
307385	No.9Club(这是一条测试商户数据，仅用于测试开发，开发完成后请申请正式数据...)	31.217039273284293	121.45191665739466	30.0	酒吧	0.0
314882	MuRal(这是一条测试商户数据，仅用于测试开发，开发完成后请申请正式数据...)	31.205697745288674	121.44205306089086	30.0	酒吧	0.0
316162	ICON By Angel(这是一条测试商户数据，仅用于测试开发，开发完成后请申请正式数据...)	31.18471284639851	121.43764025116975	35.0	酒吧	0.0
316730	西藏大厦万怡酒店行政酒廊(这是一条测试商户数据，仅用于测试开发，开发完成后请申请正式数据...)	31.194009292108035	121.42979961372329	30.0	酒吧	0.0
317042	唐妃主题酒吧(这是一条测试商户数据，仅用于测试开发，开发完成后请申请正式数据...)	31.21793165750176	121.44989120756864	40.0	酒吧	135.0
319371	BABYFACE(这是一条测试商户数据，仅用于测试开发，开发完成后请申请正式数据...)	31.216099956751552	121.4579135512904	0.0	酒吧	0.0
320364	双子星私人酒吧(这是一条测试商户数据，仅用于测试开发，开发完成后请申请正式数据...)	31.21666082657934	121.46891142130245	0.0	酒吧	0.0
321792	ExpressIon Club(这是一条测试商户数据，仅用于测试开发，开发完成后请申请正式数据...)	31.218627532466474	121.4556117258548	35.0	酒吧	0.0
322499	酒吧派对(这是一条测试商户数据，仅用于测试开发，开发完成后请申请正式数据...)	31.18439385871708	121.43754508109177	30.0	酒吧	0.0
322647	Garden15Private Club(这是一条测试商户数据，仅用于测试开发，开发完成后请申请正式数据...)	31.20060049659527	121.4460579877404	0.0	酒吧	0.0
326679	喜鹊调酒教室(这是一条测试商户数据，仅用于测试开发，开发完成后请申请正式数据...)	31.211231105313075	121.45381232962191	0.0	酒吧	0.0
328893	农夫故事(这是一条测试商户数据，仅用于测试开发，开发完成后请申请正式数据...)	31.188002926452874	121.44288650626821	0.0	酒吧	0.0
331573	Prost!Beer Bar(这是一条测试商户数据，仅用于测试开发，开发完成后请申请正式数据...)	31.212750212288956	121.45373699066641	30.0	酒吧	0.0
331719	MallEys(这是一条测试商户数据，仅用于测试开发，开发完成后请申请正式数据...)	31.210167202645646	121.45078422611111	35.0	酒吧	0.0
331970	MAO BAR(这是一条测试商户数据，仅用于测试开发，开发完成后请申请正式数据...)	31.212821127818	121.45325064614461	30.0	酒吧	0.0
334153	制冰厂(这是一条测试商户数据，仅用于测试开发，开发完成后请申请正式数据...)	31.180175696462694	121.42852869302482	30.0	酒吧	0.0
337023	Friends Bar(这是一条测试商户数据，仅用于测试开发，开发完成后请申请正式数据...)	31.210366535951174	121.4636914102601	0.0	酒吧	0.0
337501	酒吧夜店(这是一条测试商户数据，仅用于测试开发，开发完成后请申请正式数据...)	31.20750042983536	121.44237363863118	35.0	酒吧	0.0
338510	Chelsea & Co(这是一条测试商户数据，仅用于测试开发，开发完成后请申请正式数据...)	31.210346481507628	121.44747566897782	35.0	酒吧	168.0
339378	衡山路Playhose酒吧(这是一条测试商户数据，仅用于测试开发，开发完成后请申请正式数据...)	31.20750042983536	121.44237363863118	0.0	酒吧	0.0
339818	外滩351(这是一条测试商户数据，仅用于测试开发，开发完成后请申请正式数据...)	31.230576799801568	121.49035015016666	0.0	酒吧	69.0
340133	二楼BAR(这是一条测试商户数据，仅用于测试开发，开发完成后请申请正式数据...)	31.220252850302845	121.452437788613	0.0	酒吧	0.0
340629	诺丁远航游艇俱乐部(这是一条测试商户数据，仅用于测试开发，开发完成后请申请正式数据...)	31.203461180858454	121.4511357372877	30.0	酒吧	0.0
343266	Roy红酒馆(这是一条测试商户数据，仅用于测试开发，开发完成后请申请正式数据...)	31.208103437446137	121.43959738651412	0.0	酒吧	117.0
347482	Puff Cigar Bar(这是一条测试商户数据，仅用于测试开发，开发完成后请申请正式数据...)	31.208001164028108	121.45674085831233	0.0	酒吧	309.0
347877	Speak Low(这是一条测试商户数据，仅用于测试开发，开发完成后请申请正式数据...)	31.216734779395914	121.46135772066019	35.0	酒吧	190.0
348270	Wooden Paradise(这是一条测试商户数据，仅用于测试开发，开发完成后请申请正式数据...)	31.21240900585677	121.43998786497087	30.0	酒吧	0.0
349529	BIG FISH(这是一条测试商户数据，仅用于测试开发，开发完成后请申请正式数据...)	31.209115041156608	121.4533111313468	30.0	酒吧	0.0
353609	龙爵坊(这是一条测试商户数据，仅用于测试开发，开发完成后请申请正式数据...)	31.20909974837154	121.450313074976	30.0	酒吧	0.0
354398	Bar Aphrodite(这是一条测试商户数据，仅用于测试开发，开发完成后请申请正式数据...)	31.186203444497977	121.43656290935698	35.0	酒吧	0.0
357048	缘来是你(这是一条测试商户数据，仅用于测试开发，开发完成后请申请正式数据...)	31.17061810851322	121.45088790788286	30.0	酒吧	0.0
